order_id,user_id,total_amount,order_date,status
1,130,851.12,2024-06-28 09:09:23.560186,Pending
2,491,671.84,2024-09-07 22:43:49.655293,Paid
3,580,177.51,2024-03-17 04:41:08.162074,Canceled
4,446,646.41,2024-01-08 01:17:20.181578,Pending
5,137,274.45,2024-08-18 20:00:46.206712,Canceled
6,600,348.02,2024-07-24 16:26:32.496875,Paid
7,680,313.24,2024-04-17 06:22:04.368031,Pending
8,194,809.17,2024-05-16 20:11:48.841848,Pending
9,681,166.09,2024-08-18 08:39:26.559585,Paid
10,246,260.85,2024-05-04 09:54:21.826574,Pending
11,8,410.04,2024-01-26 20:45:25.769993,Pending
12,126,858.42,2024-09-06 06:40:43.659635,Paid
13,395,157.69,2024-08-16 10:16:59.398783,Paid
14,683,728.86,2024-11-06 22:54:59.785544,Pending
15,338,108.55,2024-04-16 08:56:17.421596,Pending
16,655,413.75,2024-05-28 19:57:42.422709,Pending
17,399,945.59,2024-05-18 21:19:38.465471,Canceled
18,439,137.76,2024-03-20 11:40:01.602239,Paid
19,360,307.76,2024-06-02 14:57:09.348969,Paid
20,484,684.4,2024-04-20 16:07:06.134233,Pending
21,116,518.74,2024-04-08 19:28:21.827382,Pending
22,446,175.36,2024-10-11 11:19:37.768721,Pending
23,707,668.06,2024-09-15 06:04:31.202986,Pending
24,159,401.7,2024-01-31 12:05:38.232124,Paid
25,79,323.71,2024-03-21 17:37:25.944095,Pending
26,534,189.57,2024-02-05 05:59:35.115723,Pending
27,107,660.38,2024-11-07 03:43:11.890809,Pending
28,61,847.04,2024-01-02 17:24:18.853845,Pending
29,634,245.46,2024-01-10 14:42:58.061033,Pending
30,208,889.56,2024-01-04 13:22:37.255168,Pending
31,208,795.67,2024-06-22 14:16:07.422900,Pending
32,595,729.65,2024-04-22 11:57:57.646924,Pending
33,7,418.81,2024-03-18 02:01:59.584888,Pending
34,241,528.5,2024-11-18 03:57:15.279082,Paid
35,449,702.85,2024-08-27 00:07:31.645281,Pending
36,283,868.12,2024-06-04 01:40:55.319225,Pending
37,610,588.83,2024-05-15 18:54:24.083783,Pending
38,390,221.59,2024-03-07 22:54:35.965215,Pending
39,132,395.43,2024-04-22 11:41:29.882599,Paid
40,428,839.89,2024-11-14 03:49:34.743785,Paid
41,339,252.54,2024-03-05 07:05:07.240659,Pending
42,646,316.92,2024-01-17 11:44:40.025591,Pending
43,617,422.01,2024-07-25 18:33:11.983837,Pending
44,553,828.84,2024-05-08 06:34:47.247227,Pending
45,589,300.66,2024-07-13 17:59:01.842761,Canceled
46,642,560.69,2024-08-23 03:20:13.337257,Paid
47,348,446.2,2024-10-07 05:29:38.160876,Paid
48,542,988.71,2024-06-28 14:30:23.252071,Paid
49,155,253.16,2024-06-18 04:06:07.554006,Pending
50,325,683.63,2024-05-28 11:20:30.887569,Paid
51,380,275.65,2024-11-02 15:10:45.871678,Pending
52,272,364.71,2024-05-04 04:18:19.352270,Canceled
53,502,104.26,2024-04-24 05:11:31.945054,Pending
54,193,536.95,2024-01-21 06:01:34.626614,Paid
55,700,673.15,2024-07-15 14:27:02.836722,Pending
56,602,124.11,2024-03-10 06:49:54.140479,Pending
57,371,495.41,2024-06-10 03:19:37.884984,Canceled
58,334,302.52,2024-06-25 21:32:27.109165,Pending
59,498,855.22,2024-06-08 00:22:40.900719,Pending
60,359,750.3,2024-05-13 06:42:43.915161,Pending
61,377,595.3,2024-05-22 20:17:34.897212,Pending
62,481,486.77,2024-09-26 00:34:45.543774,Paid
63,228,691.5,2024-07-14 15:40:27.404038,Pending
64,624,902.27,2024-01-19 16:46:50.017761,Pending
65,317,490.0,2024-04-08 12:03:16.812881,Pending
66,708,898.75,2024-04-11 00:59:53.571714,Pending
67,118,410.25,2024-05-07 09:57:28.880624,Canceled
68,338,500.35,2024-11-10 21:01:29.755017,Paid
69,19,533.17,2024-01-30 10:05:07.720173,Pending
70,153,747.76,2024-08-06 01:51:11.634771,Paid
71,203,947.67,2024-09-26 12:27:14.718284,Pending
72,162,556.22,2024-05-17 01:01:32.583126,Paid
73,73,146.69,2024-06-22 00:16:16.712543,Pending
74,660,989.17,2024-01-16 08:08:52.532211,Pending
75,3,949.14,2024-09-02 09:32:40.788634,Paid
76,701,320.02,2024-05-19 09:05:51.269372,Paid
77,200,951.27,2024-05-10 13:20:46.657551,Canceled
78,512,336.65,2024-04-02 04:59:11.689185,Paid
79,266,317.65,2024-09-08 04:25:01.658797,Canceled
80,706,451.73,2024-05-25 00:01:02.579489,Pending
81,3,885.96,2024-10-26 12:15:20.272883,Pending
82,180,877.07,2024-01-02 10:57:41.836583,Pending
83,182,194.63,2024-05-20 15:54:52.167972,Pending
84,466,761.1,2024-11-09 02:00:50.096179,Pending
85,534,798.69,2024-08-27 05:17:35.330989,Pending
86,417,604.38,2024-10-15 18:00:01.855563,Pending
87,54,798.64,2024-07-25 07:13:20.197953,Pending
88,385,317.13,2024-07-18 15:41:44.714349,Pending
89,529,460.04,2024-04-25 22:11:42.984504,Pending
90,199,416.39,2024-06-15 00:52:00.527167,Pending
91,595,637.06,2024-07-08 17:52:44.510116,Paid
92,326,815.88,2024-02-09 15:52:02.680139,Pending
93,642,417.21,2024-10-04 11:01:14.463001,Pending
94,410,166.91,2024-11-27 02:38:09.493582,Paid
95,45,435.04,2024-01-26 14:30:41.000643,Canceled
96,628,629.36,2024-04-24 09:10:20.472124,Paid
97,211,967.54,2024-08-08 09:47:53.208998,Canceled
98,209,178.56,2024-01-25 08:45:04.897304,Canceled
99,477,924.12,2024-04-21 17:49:16.311642,Paid
100,156,510.08,2024-01-03 19:19:09.397536,Paid
101,672,771.08,2024-01-28 22:29:09.053296,Pending
102,519,739.85,2024-07-23 06:15:49.179029,Pending
103,112,744.95,2024-08-21 08:13:40.016442,Pending
104,706,333.51,2024-06-01 12:06:28.964165,Pending
105,680,778.25,2024-01-03 13:23:29.387113,Pending
106,169,776.89,2024-07-12 11:00:16.402902,Pending
107,529,191.73,2024-06-12 19:35:27.561931,Paid
108,667,485.1,2024-09-09 18:17:19.215109,Paid
109,559,436.57,2024-11-21 11:45:01.332498,Pending
110,452,954.68,2024-02-24 00:12:12.073189,Canceled
111,179,309.04,2024-05-07 21:13:40.787643,Pending
112,465,695.21,2024-03-10 04:00:37.004483,Paid
113,416,629.34,2024-05-15 05:50:33.723066,Paid
114,395,519.92,2024-03-14 11:12:33.511350,Pending
115,83,698.54,2024-03-07 03:38:00.160867,Pending
116,669,355.58,2024-06-20 19:46:29.779235,Paid
117,508,281.65,2024-09-08 21:04:06.796352,Paid
118,616,593.34,2024-05-06 17:01:43.674736,Pending
119,122,686.83,2024-09-25 09:15:35.326417,Pending
120,646,120.76,2024-01-17 18:18:44.686846,Pending
121,311,829.62,2024-05-22 15:20:35.746470,Pending
122,409,382.35,2024-02-26 13:15:43.179154,Pending
123,300,778.72,2024-06-30 17:35:32.142596,Pending
124,246,169.8,2024-10-26 08:00:51.217575,Pending
125,80,756.03,2024-05-21 19:00:25.839823,Pending
126,109,699.29,2024-02-04 14:49:52.054899,Pending
127,559,243.37,2024-07-13 20:10:33.966567,Paid
128,398,449.74,2024-07-01 13:55:04.147274,Pending
129,128,260.31,2024-01-29 17:29:16.191388,Pending
130,573,254.43,2024-10-10 01:58:28.465652,Paid
131,455,612.7,2024-03-31 18:06:47.723590,Pending
132,502,258.63,2024-02-09 07:42:17.466988,Pending
133,218,724.65,2024-04-07 22:22:09.806575,Pending
134,534,383.81,2024-01-27 03:35:48.074468,Pending
135,353,778.64,2024-05-06 10:48:49.945175,Pending
136,47,770.7,2024-12-01 01:35:53.958576,Pending
137,522,690.25,2024-03-24 23:13:59.568853,Canceled
138,322,555.32,2024-01-08 05:11:00.425585,Pending
139,475,684.04,2024-07-18 18:03:15.452047,Pending
140,676,119.21,2024-06-04 13:09:18.030044,Canceled
141,30,886.26,2024-10-09 23:16:07.612664,Pending
142,404,128.38,2024-07-24 01:05:17.106535,Pending
143,591,875.16,2024-11-23 18:55:59.656046,Pending
144,611,170.96,2024-06-29 03:46:34.048915,Paid
145,455,697.7,2024-09-23 02:01:29.317094,Pending
146,459,894.17,2024-02-20 18:57:44.946594,Canceled
147,199,959.88,2024-04-14 14:37:17.549369,Pending
148,269,298.5,2024-09-05 05:16:16.250046,Pending
149,470,810.09,2024-04-12 00:18:22.843948,Pending
150,298,483.79,2024-03-28 01:26:07.226150,Paid
151,198,504.69,2024-08-15 13:56:11.232345,Pending
152,388,508.06,2024-11-03 07:00:47.193457,Pending
153,504,903.82,2024-04-21 19:14:31.861315,Pending
154,443,788.3,2024-06-13 12:11:32.945045,Pending
155,612,337.83,2024-08-09 00:38:38.705259,Pending
156,564,594.01,2024-04-29 17:02:46.826890,Pending
157,424,877.04,2024-07-07 09:12:06.623629,Pending
158,576,116.27,2024-07-17 15:46:42.586776,Paid
159,692,264.09,2024-06-27 08:41:07.842065,Pending
160,398,957.27,2024-11-22 17:25:00.630142,Canceled
161,541,306.36,2024-11-11 07:09:49.032580,Paid
162,211,642.08,2024-04-06 16:00:55.970188,Pending
163,386,264.02,2024-04-17 17:50:02.679758,Pending
164,591,508.67,2024-11-19 04:36:26.047520,Canceled
165,62,301.46,2024-01-26 05:40:17.852256,Pending
166,672,940.67,2024-09-06 20:00:27.881624,Pending
167,376,189.22,2024-07-23 16:06:31.081820,Paid
168,165,631.9,2024-10-06 01:20:18.417509,Pending
169,614,954.82,2024-06-27 20:17:18.670153,Paid
170,546,719.31,2024-01-24 17:51:38.529355,Pending
171,279,971.76,2024-05-29 16:32:19.991017,Paid
172,514,483.27,2024-04-24 21:01:58.638550,Paid
173,358,580.16,2024-04-01 13:36:43.724323,Pending
174,702,454.66,2024-06-23 19:36:38.572685,Canceled
175,313,854.08,2024-06-17 12:34:31.305686,Pending
176,418,687.37,2024-11-19 08:55:42.996550,Canceled
177,461,987.01,2024-06-17 20:48:13.973049,Pending
178,63,156.24,2024-05-03 04:14:24.322621,Paid
179,325,607.12,2024-09-13 05:32:43.004250,Pending
180,596,533.48,2024-01-13 04:53:41.078176,Paid
181,545,432.98,2024-03-27 09:07:55.886105,Paid
182,111,695.18,2024-03-25 05:55:37.722039,Paid
183,115,220.07,2024-08-15 13:44:33.235827,Pending
184,689,755.16,2024-01-18 18:46:27.343589,Pending
185,446,679.96,2024-07-07 22:21:11.291281,Pending
186,353,336.93,2024-05-26 22:56:11.931020,Pending
187,42,164.08,2024-10-07 13:10:28.852616,Canceled
188,499,250.52,2024-05-15 18:25:35.580162,Pending
189,391,693.51,2024-09-28 09:59:24.603866,Pending
190,636,206.09,2024-09-29 01:18:44.286586,Pending
191,75,601.16,2024-01-11 09:23:58.795823,Canceled
192,513,842.72,2024-10-16 12:59:47.359904,Pending
193,531,330.44,2024-07-04 07:14:32.404920,Pending
194,104,596.57,2024-11-12 04:03:51.550525,Pending
195,497,329.15,2024-07-26 07:58:01.124686,Pending
196,607,630.64,2024-01-19 17:15:25.943855,Pending
197,681,562.31,2024-01-25 11:46:01.410928,Paid
198,147,704.82,2024-02-05 20:46:17.070073,Pending
199,704,373.72,2024-11-22 12:42:24.428217,Pending
200,2,235.15,2024-11-19 10:00:00.557867,Pending
201,202,525.47,2024-02-16 17:31:21.929142,Pending
202,364,799.65,2024-06-26 15:01:29.783125,Pending
203,444,279.98,2024-09-23 13:45:56.898640,Canceled
204,490,495.21,2024-06-22 12:36:28.103181,Pending
205,65,117.78,2024-08-08 08:26:24.515660,Pending
206,627,941.22,2024-03-20 09:35:40.333260,Pending
207,394,901.17,2024-05-28 05:17:55.982540,Pending
208,49,716.88,2024-06-22 14:32:17.436025,Pending
209,261,103.65,2024-09-15 05:54:03.722430,Paid
210,647,863.17,2024-08-02 10:21:45.423491,Paid
211,269,770.94,2024-09-01 09:22:18.774081,Pending
212,248,453.75,2024-05-06 07:41:00.251984,Pending
213,654,818.81,2024-10-08 04:35:26.478719,Paid
214,549,237.87,2024-05-23 06:19:42.375770,Paid
215,686,720.62,2024-01-16 15:58:11.036266,Pending
216,145,405.35,2024-10-04 04:51:02.394454,Paid
217,668,254.75,2024-11-19 23:59:13.538758,Paid
218,544,130.11,2024-09-29 11:02:29.044805,Pending
219,600,376.15,2024-06-04 11:55:29.534142,Pending
220,474,298.22,2024-07-04 09:16:28.360147,Pending
221,614,955.91,2024-10-03 14:21:45.559235,Pending
222,531,773.87,2024-02-18 08:14:08.635948,Pending
223,193,728.91,2024-04-24 08:18:04.647875,Pending
224,386,367.03,2024-09-10 04:59:58.970089,Paid
225,70,999.76,2024-11-24 01:44:23.155485,Pending
226,637,192.02,2024-05-08 02:07:42.041532,Pending
227,68,800.84,2024-05-29 10:46:54.145549,Pending
228,159,595.92,2024-11-18 02:20:31.860322,Pending
229,699,912.21,2024-03-02 19:32:23.874302,Pending
230,368,450.53,2024-06-10 10:33:56.020669,Pending
231,450,736.01,2024-01-09 23:26:36.495931,Pending
232,16,275.88,2024-04-26 12:21:08.926339,Pending
233,681,431.34,2024-03-08 11:15:04.584891,Pending
234,153,938.15,2024-06-17 02:47:20.482392,Pending
235,378,547.48,2024-02-29 19:18:24.564807,Pending
236,236,950.93,2024-10-12 13:19:24.800686,Pending
237,515,937.86,2024-10-30 05:50:49.165494,Pending
238,114,446.68,2024-08-15 19:56:34.337750,Pending
239,468,545.28,2024-09-03 05:55:46.862720,Canceled
240,211,488.66,2024-01-19 00:18:22.883926,Pending
241,637,303.11,2024-10-14 06:24:39.084772,Pending
242,170,222.75,2024-10-11 07:09:23.596036,Pending
243,444,622.77,2024-05-16 22:17:47.765667,Pending
244,433,634.4,2024-08-16 23:59:29.249755,Pending
245,116,611.3,2024-02-05 23:44:12.406573,Pending
246,22,437.51,2024-03-06 04:50:48.185739,Pending
247,66,170.28,2024-10-24 10:38:14.726884,Pending
248,643,441.76,2024-06-11 15:17:51.798218,Paid
249,615,948.61,2024-07-03 08:44:42.392038,Pending
250,607,935.94,2024-01-19 13:57:03.944949,Pending
251,403,749.14,2024-02-23 03:35:11.312856,Canceled
252,395,887.8,2024-07-31 22:40:57.044461,Pending
253,182,232.7,2024-11-07 04:07:00.096775,Pending
254,223,452.54,2024-11-12 07:53:55.017161,Pending
255,600,272.17,2024-11-05 13:31:05.049700,Pending
256,633,567.65,2024-08-08 20:12:52.975720,Pending
257,203,931.48,2024-09-25 13:10:23.639355,Pending
258,586,368.86,2024-02-12 03:46:22.405735,Canceled
259,455,745.04,2024-08-19 15:18:01.219592,Pending
260,509,836.56,2024-09-21 21:23:13.494419,Paid
261,500,739.15,2024-07-23 14:51:35.424424,Pending
262,496,663.57,2024-01-15 04:15:02.701517,Pending
263,482,356.19,2024-10-10 17:17:57.005773,Pending
264,384,982.81,2024-11-22 06:04:01.148400,Pending
265,297,467.7,2024-10-22 20:53:29.217068,Pending
266,670,280.41,2024-03-20 20:42:52.592335,Pending
267,533,996.54,2024-05-01 18:07:01.341037,Paid
268,694,338.95,2024-10-17 06:16:10.920232,Pending
269,95,767.37,2024-06-26 09:59:37.100523,Paid
270,348,933.44,2024-01-18 14:59:12.321671,Paid
271,256,815.28,2024-07-21 12:22:21.322980,Pending
272,449,518.63,2024-05-01 07:14:15.229703,Paid
273,223,601.23,2024-06-09 00:03:48.966768,Pending
274,503,292.88,2024-03-06 16:40:03.095220,Pending
275,450,415.94,2024-06-16 20:17:55.670523,Pending
276,60,918.9,2024-01-30 19:13:34.767739,Pending
277,105,421.86,2024-06-05 12:57:56.266823,Paid
278,122,796.53,2024-03-01 17:04:55.291605,Pending
279,483,835.34,2024-11-04 14:28:29.998619,Pending
280,621,791.72,2024-10-13 08:54:52.991886,Canceled
281,582,630.21,2024-05-08 18:03:20.125881,Pending
282,89,542.57,2024-10-18 04:57:13.356632,Pending
283,408,952.46,2024-01-07 05:45:42.560790,Canceled
284,495,164.08,2024-05-26 05:09:23.959996,Pending
285,90,976.04,2024-02-25 02:35:11.592419,Pending
286,62,888.46,2024-11-21 13:30:11.131636,Paid
287,366,627.78,2024-01-30 00:00:06.104778,Pending
288,333,838.13,2024-10-06 07:51:02.474038,Canceled
289,543,140.02,2024-11-19 18:01:37.027131,Pending
290,489,845.59,2024-05-20 16:03:11.656442,Paid
291,337,541.57,2024-09-14 10:43:39.989465,Pending
292,402,858.75,2024-11-20 16:43:02.580735,Pending
293,311,576.0,2024-06-22 21:51:11.429593,Paid
294,24,517.82,2024-05-27 11:02:54.545758,Pending
295,646,390.2,2024-03-14 17:13:16.245913,Pending
296,442,146.68,2024-11-10 00:08:03.366276,Pending
297,236,160.26,2024-08-08 02:18:27.876057,Pending
298,584,414.98,2024-04-30 00:46:01.368402,Pending
299,228,608.84,2024-08-06 03:28:50.755339,Pending
300,461,795.02,2024-11-13 00:50:25.847727,Pending
301,541,689.59,2024-02-29 01:46:09.389277,Paid
302,109,122.29,2024-04-19 01:18:41.847938,Pending
303,562,466.61,2024-11-09 11:08:46.379173,Pending
304,567,362.21,2024-08-06 11:04:21.455632,Pending
305,377,434.52,2024-04-15 10:15:48.180031,Pending
306,455,350.0,2024-01-24 12:32:31.433557,Paid
307,267,784.41,2024-05-05 21:37:05.901117,Pending
308,619,440.36,2024-10-11 11:46:03.438952,Paid
309,78,861.6,2024-02-07 20:20:55.371171,Pending
310,538,101.52,2024-09-07 06:49:43.649721,Pending
311,65,580.93,2024-03-14 14:00:20.169090,Paid
312,20,622.1,2024-07-28 09:55:05.816864,Paid
313,692,179.75,2024-03-28 03:50:45.260336,Pending
314,646,438.42,2024-02-12 03:37:59.722023,Pending
315,47,636.85,2024-10-02 11:13:32.364182,Canceled
316,209,936.62,2024-02-23 01:30:04.614380,Pending
317,429,854.28,2024-10-29 20:32:13.773197,Pending
318,160,194.4,2024-06-06 11:34:44.551806,Paid
319,16,459.21,2024-10-07 16:30:11.517016,Paid
320,445,759.98,2024-05-26 03:14:43.796407,Pending
321,22,111.61,2024-06-02 23:30:23.863508,Pending
322,317,307.07,2024-10-04 19:31:27.727064,Pending
323,227,680.96,2024-01-31 08:12:20.085023,Paid
324,500,760.34,2024-06-02 05:18:38.066812,Pending
325,673,963.29,2024-03-10 15:05:01.329884,Pending
326,55,601.64,2024-04-21 13:15:04.896861,Canceled
327,603,456.95,2024-02-12 03:58:53.365429,Paid
328,329,213.21,2024-06-06 19:35:00.267861,Paid
329,156,841.41,2024-04-12 08:11:01.031534,Pending
330,259,609.69,2024-05-09 10:05:31.133763,Canceled
331,268,190.53,2024-02-03 03:07:27.618867,Pending
332,702,353.87,2024-05-19 02:34:52.645079,Pending
333,87,462.21,2024-05-24 20:12:11.311837,Pending
334,582,981.27,2024-06-25 01:03:19.215954,Pending
335,473,274.2,2024-06-29 07:51:47.817827,Pending
336,695,123.35,2024-12-01 06:41:55.346063,Paid
337,318,561.08,2024-01-28 00:51:53.319937,Paid
338,639,215.29,2024-11-17 05:19:26.564002,Pending
339,302,499.99,2024-01-25 19:32:54.682832,Paid
340,14,209.32,2024-09-12 07:22:46.981663,Pending
341,579,624.09,2024-10-17 09:21:09.869400,Pending
342,670,622.72,2024-02-26 11:35:46.658446,Pending
343,255,817.99,2024-07-26 05:33:19.546660,Pending
344,468,182.09,2024-01-23 14:47:43.378728,Canceled
345,477,532.31,2024-08-16 11:00:00.751083,Pending
346,102,664.8,2024-01-21 06:57:42.578958,Pending
347,544,242.36,2024-06-18 10:27:17.854066,Pending
348,147,793.48,2024-03-17 20:00:13.157953,Paid
349,111,445.64,2024-09-14 13:59:39.390471,Pending
350,402,410.62,2024-11-26 04:30:37.794514,Pending
351,103,123.01,2024-10-22 04:28:47.648316,Pending
352,499,491.37,2024-01-17 15:07:50.511387,Paid
353,42,233.46,2024-02-23 08:16:48.399534,Pending
354,479,447.03,2024-08-20 00:25:40.145348,Paid
355,590,388.73,2024-11-12 12:34:37.400698,Pending
356,654,634.69,2024-07-26 16:32:20.828713,Pending
357,707,108.89,2024-09-05 16:03:03.249885,Pending
358,306,710.14,2024-04-28 07:33:35.831952,Pending
359,272,995.07,2024-07-31 23:18:58.416373,Pending
360,593,132.93,2024-11-16 08:08:11.342781,Pending
361,592,830.69,2024-03-30 20:48:29.115172,Pending
362,445,795.9,2024-05-26 21:55:53.183506,Paid
363,48,950.51,2024-06-29 23:24:37.990335,Canceled
364,192,164.74,2024-10-06 02:52:06.048535,Paid
365,82,195.67,2024-11-24 04:17:49.349425,Pending
366,426,235.24,2024-12-01 00:06:37.557610,Pending
367,237,992.41,2024-07-20 18:27:10.490851,Pending
368,604,796.57,2024-05-04 10:03:48.064140,Pending
369,209,930.29,2024-10-15 20:23:50.163608,Pending
370,376,531.33,2024-07-29 15:33:23.532882,Pending
371,618,250.11,2024-11-10 22:26:13.911260,Pending
372,519,990.59,2024-09-07 05:12:28.352367,Pending
373,344,694.72,2024-08-21 23:45:16.984310,Pending
374,477,500.14,2024-05-30 14:52:29.873362,Paid
375,68,649.34,2024-08-20 03:51:19.428673,Pending
376,177,915.11,2024-10-21 01:22:42.679405,Pending
377,456,133.37,2024-03-11 08:47:17.520736,Pending
378,333,831.37,2024-07-09 04:39:53.363123,Paid
379,211,516.57,2024-09-10 07:12:13.889229,Pending
380,71,281.5,2024-05-12 19:38:36.555611,Pending
381,102,221.01,2024-07-28 13:59:22.886278,Pending
382,637,461.59,2024-07-15 11:18:55.895628,Pending
383,499,640.79,2024-07-03 16:45:43.628169,Paid
384,463,164.46,2024-11-11 12:11:43.482883,Pending
385,370,377.16,2024-09-05 14:10:55.442710,Pending
386,82,993.71,2024-10-13 11:37:37.288307,Pending
387,511,877.63,2024-08-25 08:46:53.165065,Paid
388,95,170.08,2024-11-08 06:31:43.012341,Pending
389,202,197.11,2024-10-01 16:17:25.085218,Paid
390,252,412.15,2024-11-21 23:06:47.048199,Canceled
391,707,550.4,2024-02-25 05:34:29.769250,Pending
392,233,320.01,2024-04-29 12:46:19.459677,Pending
393,651,122.44,2024-10-19 12:57:51.582231,Paid
394,515,559.24,2024-06-03 10:47:35.209541,Pending
395,680,277.91,2024-01-28 22:31:25.100519,Pending
396,202,919.59,2024-02-11 15:19:10.545794,Pending
397,163,136.99,2024-11-29 08:35:51.761821,Paid
398,359,542.77,2024-05-27 19:12:48.867679,Paid
399,179,487.11,2024-03-12 20:53:21.240521,Pending
400,349,857.37,2024-02-16 04:33:47.136281,Paid
401,290,908.12,2024-11-02 01:29:31.387625,Pending
402,618,642.0,2024-08-16 02:47:23.514850,Pending
403,423,522.32,2024-10-23 03:05:19.101669,Paid
404,565,973.8,2024-06-14 19:35:17.744789,Pending
405,470,345.49,2024-09-26 00:45:55.903137,Pending
406,672,492.76,2024-06-25 04:49:35.330570,Canceled
407,531,555.9,2024-07-12 00:58:14.304478,Pending
408,48,256.81,2024-05-30 22:58:24.858288,Paid
409,131,342.57,2024-08-03 11:01:36.902156,Paid
410,323,753.98,2024-09-01 03:44:27.408785,Pending
411,344,332.76,2024-04-20 21:43:41.600060,Canceled
412,627,294.22,2024-03-03 05:10:07.849183,Pending
413,64,605.72,2024-02-20 04:26:37.125725,Paid
414,492,818.59,2024-11-20 05:35:53.963279,Pending
415,579,349.03,2024-04-30 08:04:12.568228,Pending
416,250,716.11,2024-06-30 06:55:19.462667,Pending
417,93,725.53,2024-09-30 13:02:54.751664,Pending
418,123,757.9,2024-11-12 23:43:53.008113,Pending
419,623,397.73,2024-01-11 00:45:50.969845,Paid
420,222,990.51,2024-01-13 18:58:11.259585,Pending
421,509,727.94,2024-06-11 11:47:51.680933,Pending
422,578,139.15,2024-08-09 21:43:44.771390,Canceled
423,500,378.75,2024-10-22 22:36:15.372284,Pending
424,355,956.11,2024-01-05 04:26:10.370032,Canceled
425,148,520.08,2024-11-17 05:41:58.555549,Pending
426,338,709.6,2024-10-17 21:02:29.187282,Pending
427,471,887.82,2024-02-27 03:49:46.215065,Paid
428,157,792.05,2024-05-05 04:04:18.463557,Pending
429,126,703.15,2024-05-31 15:15:47.852739,Pending
430,302,616.53,2024-05-25 11:26:59.314412,Pending
431,506,227.7,2024-07-07 10:48:10.276372,Pending
432,477,681.43,2024-04-13 09:05:16.018533,Pending
433,504,852.02,2024-06-13 03:46:51.566103,Pending
434,340,430.1,2024-05-16 09:41:55.761444,Pending
435,446,288.96,2024-06-30 06:07:31.360121,Pending
436,188,154.68,2024-01-19 17:29:55.311867,Paid
437,292,217.51,2024-01-31 07:36:53.453437,Pending
438,684,119.85,2024-04-18 04:12:45.252552,Paid
439,396,626.13,2024-11-23 21:37:27.979063,Pending
440,203,528.81,2024-04-17 10:10:07.204052,Pending
441,278,153.0,2024-09-23 22:31:27.603420,Canceled
442,598,914.43,2024-06-17 14:53:43.607056,Pending
443,110,593.72,2024-08-17 14:39:13.363087,Pending
444,558,303.59,2024-01-17 03:40:19.031974,Pending
445,680,637.28,2024-05-07 11:05:23.698768,Pending
446,660,924.18,2024-09-06 19:01:34.362152,Pending
447,612,687.68,2024-08-27 17:32:05.234553,Pending
448,287,927.76,2024-11-07 03:17:59.497265,Paid
449,107,513.89,2024-10-25 06:09:50.185680,Pending
450,510,885.73,2024-03-18 03:46:17.519058,Pending
451,185,212.95,2024-01-20 17:55:50.272390,Pending
452,659,511.75,2024-09-21 21:53:11.866519,Pending
453,664,427.27,2024-06-07 01:04:26.968108,Pending
454,337,417.16,2024-08-27 01:14:10.530259,Pending
455,576,981.35,2024-02-27 18:06:37.904295,Paid
456,601,974.18,2024-05-11 05:18:06.096756,Pending
457,490,113.57,2024-04-11 01:50:48.698642,Pending
458,210,981.5,2024-08-20 22:03:14.270673,Paid
459,507,205.04,2024-07-27 04:43:29.683025,Pending
460,259,231.98,2024-05-13 15:44:56.921476,Pending
461,391,489.35,2024-08-28 01:51:56.133099,Pending
462,139,311.78,2024-10-23 09:00:10.289646,Pending
463,405,200.31,2024-04-20 08:59:47.251813,Paid
464,493,925.57,2024-07-06 13:24:53.099027,Paid
465,613,158.93,2024-06-08 04:09:23.577959,Pending
466,596,972.56,2024-01-09 02:42:53.469858,Paid
467,149,860.45,2024-09-27 21:49:23.075141,Pending
468,30,589.27,2024-11-01 11:04:39.220512,Pending
469,383,756.24,2024-10-05 12:50:52.148178,Canceled
470,417,524.85,2024-01-02 12:01:15.306585,Canceled
471,680,568.57,2024-08-16 23:51:36.158764,Pending
472,524,344.68,2024-05-04 21:46:35.271436,Pending
473,588,235.92,2024-09-24 06:20:57.597294,Pending
474,360,166.57,2024-07-21 20:42:37.630393,Pending
475,130,936.06,2024-06-12 10:47:07.229421,Pending
476,91,982.64,2024-10-18 10:14:23.125408,Canceled
477,218,858.55,2024-02-04 01:37:49.347536,Pending
478,180,710.95,2024-03-09 08:34:06.088969,Pending
479,406,844.1,2024-05-22 18:59:08.612576,Canceled
480,529,774.73,2024-11-28 03:37:41.244507,Pending
481,451,893.34,2024-08-14 12:21:53.622197,Pending
482,683,194.5,2024-10-03 16:50:52.976815,Pending
483,170,687.76,2024-07-24 00:43:59.821060,Canceled
484,225,863.43,2024-02-21 08:39:07.906195,Pending
485,52,823.3,2024-04-12 21:13:58.758995,Canceled
486,442,606.26,2024-10-17 02:43:02.463054,Pending
487,148,885.87,2024-04-09 13:34:34.075355,Pending
488,95,683.86,2024-07-15 09:07:47.566701,Canceled
489,335,274.01,2024-05-22 03:11:24.646503,Canceled
490,706,556.62,2024-04-06 22:50:38.081525,Pending
491,624,809.76,2024-01-28 09:30:40.153072,Canceled
492,520,555.94,2024-04-19 22:08:11.542936,Pending
493,197,696.94,2024-10-24 22:59:28.160850,Pending
494,65,267.83,2024-03-26 15:22:11.409264,Pending
495,48,951.05,2024-06-17 02:19:46.893812,Paid
496,230,845.55,2024-03-10 14:53:56.096948,Pending
497,442,533.88,2024-09-30 04:47:24.237048,Pending
498,647,138.95,2024-04-24 08:27:24.514651,Pending
499,255,409.08,2024-11-03 20:37:05.400412,Pending
500,362,191.08,2024-03-08 20:33:29.564311,Pending
501,555,865.37,2024-02-07 05:22:37.366317,Pending
502,153,748.78,2024-10-04 07:43:11.619678,Paid
503,697,696.09,2024-10-11 22:56:07.450576,Pending
504,576,505.71,2024-05-08 00:01:03.959345,Pending
505,606,643.63,2024-02-08 05:40:32.006591,Canceled
506,232,339.92,2024-06-20 09:46:53.235595,Pending
507,654,285.22,2024-05-17 00:57:28.002609,Paid
508,54,978.5,2024-02-17 17:32:04.131672,Pending
509,271,327.1,2024-07-29 23:06:14.068533,Canceled
510,686,816.79,2024-07-24 19:22:29.708823,Pending
511,451,251.8,2024-01-28 21:50:17.507661,Pending
512,655,414.34,2024-10-01 01:43:20.951897,Paid
513,424,448.76,2024-02-23 11:20:44.899377,Pending
514,90,576.06,2024-11-30 20:35:04.823570,Paid
515,385,775.71,2024-03-12 01:52:09.237931,Paid
516,325,269.8,2024-03-13 15:16:15.937939,Pending
517,472,720.62,2024-10-25 14:50:03.307665,Pending
518,195,458.65,2024-04-11 14:21:39.857249,Pending
519,542,498.52,2024-03-04 19:22:20.025743,Pending
520,354,723.96,2024-01-09 23:49:00.261187,Pending
521,257,538.09,2024-04-27 18:05:37.091261,Pending
522,261,838.54,2024-06-06 06:11:32.156060,Pending
523,546,393.23,2024-09-28 13:25:25.263679,Pending
524,488,224.04,2024-04-02 06:24:47.305764,Pending
525,687,750.28,2024-08-12 22:19:23.352976,Canceled
526,410,618.15,2024-05-12 07:13:01.465720,Pending
527,184,307.09,2024-04-11 23:20:37.998726,Pending
528,491,278.18,2024-10-08 21:58:30.442095,Paid
529,498,988.29,2024-01-29 03:54:04.202469,Canceled
530,529,743.24,2024-05-16 21:29:07.241758,Pending
531,596,157.45,2024-10-23 20:52:14.136207,Pending
532,700,895.13,2024-05-01 16:46:31.841149,Pending
533,180,481.69,2024-03-16 08:05:35.039283,Pending
534,71,319.23,2024-03-23 20:12:09.751119,Pending
535,204,610.19,2024-06-29 06:05:07.436673,Pending
536,32,923.42,2024-01-27 06:31:17.013106,Paid
537,202,880.23,2024-04-05 16:48:18.942038,Pending
538,587,619.0,2024-09-16 07:12:08.932742,Canceled
539,627,315.87,2024-06-21 04:19:25.451513,Paid
540,552,471.07,2024-01-07 09:26:51.338972,Pending
541,471,262.11,2024-07-13 23:57:33.271734,Pending
542,622,416.06,2024-11-25 14:37:30.786026,Pending
543,9,451.72,2024-08-24 00:17:05.180265,Paid
544,28,132.57,2024-01-02 11:34:14.992097,Pending
545,503,994.15,2024-04-21 04:45:18.150319,Pending
546,643,481.47,2024-05-01 00:52:33.883684,Pending
547,535,809.06,2024-07-11 04:58:38.129435,Pending
548,550,875.43,2024-01-28 17:36:23.817601,Paid
549,624,954.8,2024-02-11 06:17:20.787244,Pending
550,245,390.93,2024-04-15 16:32:13.081358,Pending
551,39,446.1,2024-03-05 04:38:20.817735,Canceled
552,539,700.07,2024-07-04 11:44:14.937926,Paid
553,335,591.0,2024-11-07 04:58:07.301529,Pending
554,116,719.29,2024-01-07 21:48:30.495926,Pending
555,540,121.1,2024-01-18 10:08:10.496799,Pending
556,446,772.99,2024-06-09 10:52:52.272387,Pending
557,414,154.81,2024-09-09 05:19:07.555093,Pending
558,283,866.51,2024-10-23 03:43:16.433439,Pending
559,154,517.26,2024-07-31 10:23:30.603158,Paid
560,235,313.68,2024-05-28 10:13:41.941038,Canceled
561,408,425.53,2024-08-24 10:08:45.974643,Canceled
562,225,760.59,2024-08-31 22:29:38.346810,Canceled
563,437,777.13,2024-09-05 18:50:38.389867,Canceled
564,515,430.86,2024-06-08 03:02:01.651194,Pending
565,483,589.48,2024-10-26 06:50:17.613660,Pending
566,527,613.12,2024-05-11 21:01:00.208380,Paid
567,335,362.61,2024-04-07 16:59:56.916216,Pending
568,185,542.29,2024-08-17 19:11:48.866785,Canceled
569,576,939.02,2024-11-13 01:47:14.904325,Pending
570,141,705.0,2024-04-23 16:43:48.139739,Pending
571,525,740.21,2024-09-06 18:48:35.809395,Pending
572,441,430.4,2024-10-21 12:51:02.127170,Pending
573,668,865.93,2024-03-21 17:02:13.259296,Pending
574,6,661.77,2024-01-26 14:12:38.193850,Pending
575,276,879.64,2024-06-21 12:11:57.225749,Pending
576,225,519.83,2024-08-08 12:14:54.130605,Pending
577,618,249.82,2024-09-24 02:10:14.725251,Paid
578,103,919.89,2024-09-19 11:56:31.822768,Paid
579,135,695.35,2024-04-11 05:50:51.716583,Pending
580,156,297.74,2024-09-19 09:06:53.345046,Pending
581,200,983.41,2024-09-30 12:08:44.258809,Pending
582,75,579.27,2024-04-04 02:01:31.949567,Pending
583,27,728.76,2024-06-27 15:50:37.885485,Canceled
584,492,454.93,2024-04-09 05:41:38.040117,Paid
585,75,515.41,2024-01-28 22:34:47.723675,Pending
586,377,322.88,2024-06-01 15:56:04.850090,Canceled
587,1,525.83,2024-06-03 04:30:52.652616,Pending
588,423,776.83,2024-01-28 05:55:15.528873,Pending
589,638,948.34,2024-04-11 19:08:33.754242,Pending
590,525,591.21,2024-09-29 23:52:08.124210,Pending
591,116,894.0,2024-05-07 13:39:23.456869,Pending
592,228,326.31,2024-07-24 12:54:40.192092,Pending
593,273,156.96,2024-01-20 10:47:38.186152,Paid
594,548,697.37,2024-10-21 20:51:41.401504,Paid
595,62,229.22,2024-07-31 17:41:34.018734,Pending
596,703,595.08,2024-04-20 22:29:46.125931,Pending
597,599,929.42,2024-02-22 14:56:50.555564,Pending
598,534,772.29,2024-08-16 04:56:25.908292,Pending
599,378,733.96,2024-03-05 17:24:57.086585,Pending
600,465,417.36,2024-02-11 10:04:02.776145,Pending
601,380,469.66,2024-04-29 00:26:20.350553,Pending
602,317,801.07,2024-02-08 16:44:59.085028,Pending
603,397,431.91,2024-09-28 21:05:15.245815,Pending
604,251,182.68,2024-05-02 16:11:43.726764,Pending
605,640,840.39,2024-02-17 05:15:05.153216,Pending
606,80,406.29,2024-01-05 02:46:26.158862,Pending
607,493,426.49,2024-01-14 17:31:01.106675,Pending
608,363,482.83,2024-08-17 07:53:30.483713,Paid
609,34,936.13,2024-10-05 05:32:45.192074,Pending
610,304,653.28,2024-04-21 11:17:41.986622,Pending
611,701,370.39,2024-06-04 17:10:41.609021,Paid
612,127,734.95,2024-02-16 10:39:14.912545,Pending
613,235,397.22,2024-04-20 13:37:17.168060,Pending
614,546,306.98,2024-08-01 13:32:52.007427,Pending
615,142,579.09,2024-11-24 15:46:28.103817,Pending
616,624,560.82,2024-01-03 02:51:34.361773,Pending
617,690,704.76,2024-01-09 03:42:15.252561,Pending
618,128,490.0,2024-01-19 22:28:26.307188,Pending
619,332,440.83,2024-01-13 16:46:03.868266,Pending
620,453,118.64,2024-05-14 10:19:14.590135,Pending
621,188,271.6,2024-03-05 16:28:16.404325,Pending
622,203,169.45,2024-02-12 11:40:44.658462,Pending
623,498,366.8,2024-01-18 21:03:29.788481,Pending
624,299,374.98,2024-09-23 08:54:00.815356,Pending
625,612,371.17,2024-07-19 07:21:06.428605,Pending
626,43,210.51,2024-03-23 20:51:27.110525,Pending
627,411,572.24,2024-09-20 07:04:41.202020,Paid
628,453,453.76,2024-02-12 11:01:49.261495,Pending
629,286,585.7,2024-11-05 16:37:10.010912,Pending
630,561,106.8,2024-09-22 10:07:16.404399,Pending
631,556,412.08,2024-06-14 04:43:43.176665,Paid
632,574,953.42,2024-06-14 04:29:52.042616,Pending
633,65,311.77,2024-06-09 01:33:47.869284,Pending
634,688,405.79,2024-10-04 02:10:40.806711,Pending
635,381,251.69,2024-05-22 01:14:18.132623,Pending
636,491,169.25,2024-03-09 18:17:03.218034,Pending
637,197,644.87,2024-05-10 05:43:44.164338,Paid
638,162,112.7,2024-06-26 04:39:20.523594,Paid
639,205,559.59,2024-09-07 01:38:30.009239,Pending
640,406,601.33,2024-10-07 20:43:00.182272,Pending
641,372,864.65,2024-02-25 21:08:21.293314,Paid
642,484,881.36,2024-10-09 08:59:39.498576,Canceled
643,198,417.45,2024-05-09 00:20:57.937647,Canceled
644,631,122.61,2024-01-17 16:04:33.699188,Pending
645,292,591.32,2024-08-21 18:57:45.127681,Pending
646,585,738.11,2024-05-14 18:49:20.836844,Pending
647,560,590.45,2024-09-21 12:25:48.426114,Pending
648,301,904.26,2024-05-29 12:18:04.769636,Pending
649,275,710.97,2024-11-30 13:00:10.398955,Pending
650,522,945.7,2024-11-02 15:44:13.361413,Pending
651,376,791.87,2024-02-10 10:35:56.888734,Canceled
652,390,382.36,2024-08-20 17:35:21.550925,Pending
653,92,765.29,2024-10-27 22:53:06.790619,Paid
654,77,945.41,2024-06-19 08:12:12.353595,Canceled
655,268,434.35,2024-11-01 00:27:06.434897,Pending
656,29,686.39,2024-09-18 23:52:31.557983,Pending
657,458,765.96,2024-03-26 19:33:14.066003,Canceled
658,473,389.39,2024-05-05 02:44:57.117330,Paid
659,413,416.64,2024-06-20 22:14:04.228128,Pending
660,324,180.47,2024-06-08 23:54:35.748514,Paid
661,669,579.48,2024-07-19 19:49:14.015679,Pending
662,401,377.26,2024-02-14 12:55:03.730678,Pending
663,72,341.02,2024-01-21 17:24:54.350181,Canceled
664,40,543.32,2024-05-02 16:37:57.762452,Pending
665,691,214.81,2024-03-14 23:27:26.895471,Paid
666,388,824.52,2024-07-24 00:14:54.250452,Pending
667,314,223.86,2024-06-04 00:37:02.887512,Pending
668,446,553.73,2024-02-11 06:06:06.558905,Canceled
669,359,805.8,2024-02-22 00:54:49.841872,Pending
670,640,142.76,2024-05-05 21:57:18.563664,Pending
671,329,691.62,2024-01-26 12:15:10.392232,Paid
672,104,575.33,2024-09-08 07:58:18.772171,Pending
673,610,446.35,2024-07-25 23:14:41.329153,Pending
674,301,581.08,2024-10-07 18:43:50.197891,Pending
675,568,490.13,2024-01-08 01:31:12.144821,Pending
676,229,910.79,2024-09-10 02:57:27.216879,Pending
677,349,810.57,2024-03-09 05:29:10.126372,Pending
678,388,831.26,2024-07-26 09:18:00.267626,Pending
679,37,769.98,2024-07-06 18:20:54.060155,Pending
680,475,655.98,2024-11-27 11:26:23.313290,Pending
681,208,668.0,2024-08-07 02:42:07.878624,Pending
682,514,275.29,2024-01-17 02:24:18.715396,Pending
683,54,728.77,2024-02-15 06:22:51.577024,Paid
684,55,612.79,2024-06-14 08:32:47.482712,Pending
685,377,323.68,2024-06-16 05:05:34.166627,Paid
686,262,661.79,2024-11-06 09:12:53.530008,Pending
687,489,781.61,2024-06-09 08:18:00.792247,Pending
688,100,855.29,2024-05-31 02:40:58.764633,Paid
689,201,169.02,2024-09-01 18:46:28.512082,Pending
690,574,476.51,2024-07-02 15:14:44.861547,Pending
691,553,357.17,2024-07-27 10:09:29.116258,Pending
692,330,661.33,2024-10-15 19:45:36.555564,Paid
693,446,780.02,2024-11-09 19:07:11.332156,Pending
694,55,131.06,2024-07-04 09:06:02.088397,Paid
695,49,367.11,2024-10-03 21:50:42.058582,Paid
696,151,961.76,2024-11-23 03:02:02.002154,Pending
697,65,902.84,2024-04-06 03:13:07.987278,Paid
698,504,775.8,2024-04-26 18:21:04.898414,Pending
699,531,671.35,2024-10-28 08:40:57.276210,Pending
700,425,708.88,2024-02-14 02:48:51.540187,Pending
701,655,933.6,2024-01-02 08:03:19.682641,Pending
702,74,801.97,2024-05-05 02:56:18.559305,Paid
703,469,933.83,2024-02-16 11:08:22.578827,Pending
704,566,361.5,2024-02-12 20:48:02.234411,Paid
705,615,696.15,2024-07-30 19:14:06.437539,Paid
706,267,562.84,2024-03-27 22:11:02.614943,Pending
707,560,999.81,2024-05-26 08:20:59.509556,Pending
708,511,893.52,2024-01-14 20:33:27.111234,Pending
709,54,783.74,2024-04-12 21:14:51.755769,Pending
710,453,856.39,2024-02-06 16:12:02.313996,Paid
711,23,471.99,2024-05-31 11:28:47.885778,Pending
712,15,649.46,2024-05-25 16:39:43.548445,Pending
713,490,616.39,2024-09-17 15:29:37.313024,Pending
714,456,926.21,2024-01-06 21:32:50.860844,Paid
715,353,291.19,2024-05-28 04:42:35.431005,Pending
716,100,741.16,2024-03-12 11:49:48.210038,Pending
717,145,331.93,2024-11-20 10:27:33.030719,Pending
718,602,938.63,2024-03-12 04:32:08.591253,Pending
719,497,460.22,2024-04-04 22:17:19.951218,Pending
720,560,518.88,2024-01-17 16:55:39.221347,Pending
721,695,545.03,2024-07-23 19:40:28.310423,Pending
722,33,722.47,2024-07-05 01:42:05.027755,Pending
723,1,184.74,2024-04-13 03:14:42.585813,Pending
724,339,149.19,2024-04-15 07:41:03.331183,Pending
725,149,495.04,2024-08-20 01:00:47.239555,Pending
726,120,969.57,2024-03-13 11:52:45.195134,Pending
727,406,718.63,2024-07-20 07:51:26.269010,Pending
728,587,399.38,2024-11-15 00:25:13.206789,Pending
729,410,655.74,2024-03-05 12:05:02.070589,Pending
730,364,770.92,2024-09-05 01:58:07.952593,Pending
731,260,334.07,2024-07-18 15:40:28.583956,Pending
732,120,148.56,2024-09-04 08:01:12.762320,Pending
733,371,132.26,2024-05-22 19:43:11.603553,Pending
734,359,782.73,2024-05-30 17:27:39.732661,Paid
735,64,862.95,2024-11-01 20:10:11.051504,Paid
736,601,946.07,2024-05-04 17:59:59.402306,Pending
737,590,842.65,2024-05-17 17:10:59.407162,Paid
738,148,595.03,2024-06-23 06:37:19.602996,Pending
739,548,851.15,2024-08-03 10:53:05.227369,Paid
740,666,966.77,2024-03-17 21:09:22.038931,Pending
741,199,750.03,2024-11-16 06:23:39.920349,Pending
742,462,722.38,2024-10-15 04:45:20.718058,Pending
743,451,460.55,2024-10-06 17:19:03.850377,Canceled
744,121,569.49,2024-07-23 01:33:07.009922,Pending
745,342,266.24,2024-10-16 11:08:45.673347,Paid
746,444,730.16,2024-04-18 09:49:56.607734,Pending
747,159,693.91,2024-08-23 15:59:59.576762,Paid
748,281,933.05,2024-08-27 04:51:43.058342,Paid
749,592,280.95,2024-02-17 09:13:26.929380,Pending
750,655,786.54,2024-01-12 13:27:44.526984,Pending
751,387,756.75,2024-05-28 00:41:56.118477,Pending
752,104,832.49,2024-10-11 11:48:52.884821,Pending
753,254,447.9,2024-11-01 23:09:27.113073,Pending
754,317,565.16,2024-08-21 19:53:06.901860,Pending
755,443,750.72,2024-11-24 20:28:56.313559,Paid
756,21,425.56,2024-02-13 19:30:29.275538,Pending
757,120,597.57,2024-07-18 19:40:08.903052,Canceled
758,413,436.44,2024-08-21 05:28:42.657609,Pending
759,614,458.13,2024-04-24 08:08:59.880914,Paid
760,281,981.96,2024-06-04 12:39:25.901901,Pending
761,21,124.83,2024-07-11 07:11:53.307724,Pending
762,435,219.46,2024-03-18 06:09:41.332618,Pending
763,430,643.35,2024-01-31 02:23:21.287628,Canceled
764,264,250.01,2024-03-24 10:51:40.194751,Pending
765,88,329.22,2024-01-07 04:48:30.771337,Pending
766,337,867.34,2024-09-02 12:28:33.531157,Canceled
767,131,557.91,2024-10-27 19:27:43.195917,Pending
768,586,961.11,2024-06-19 12:55:40.296926,Pending
769,588,623.03,2024-11-25 11:32:28.542228,Pending
770,648,501.97,2024-02-08 09:06:53.683546,Pending
771,277,630.58,2024-02-09 22:23:41.213254,Pending
772,578,820.14,2024-06-18 12:59:00.037354,Pending
773,541,908.83,2024-07-07 13:15:55.597148,Pending
774,223,116.49,2024-07-18 14:55:12.629669,Pending
775,606,632.67,2024-10-11 09:58:10.727264,Pending
776,354,191.47,2024-07-22 12:35:52.847728,Pending
777,189,627.43,2024-01-28 16:59:03.075985,Pending
778,664,762.75,2024-02-03 05:08:22.536961,Pending
779,227,243.48,2024-07-27 18:34:31.836000,Pending
780,209,984.78,2024-10-04 04:06:15.346362,Pending
781,66,348.96,2024-05-10 18:22:57.687157,Pending
782,590,741.91,2024-04-17 12:04:51.723059,Pending
783,512,117.45,2024-10-24 00:30:53.808692,Paid
784,221,611.69,2024-03-30 00:48:58.633274,Pending
785,150,719.32,2024-08-11 03:21:07.786047,Pending
786,395,719.08,2024-11-19 14:09:24.176885,Pending
787,583,833.34,2024-07-24 06:04:36.307401,Pending
788,33,490.76,2024-07-12 12:03:18.573776,Pending
789,471,193.65,2024-07-12 13:55:05.224015,Canceled
790,458,551.29,2024-05-22 09:56:27.755150,Pending
791,386,905.01,2024-03-12 07:25:18.734424,Pending
792,580,317.13,2024-07-28 17:47:16.480902,Paid
793,134,382.34,2024-04-29 10:04:42.068808,Pending
794,506,443.57,2024-03-24 16:23:11.220953,Pending
795,377,182.05,2024-04-30 11:30:57.959453,Pending
796,516,622.42,2024-12-01 03:26:03.299684,Canceled
797,348,827.14,2024-04-17 06:16:48.720182,Paid
798,103,441.71,2024-09-12 21:39:34.105938,Canceled
799,45,377.01,2024-01-24 19:06:42.187009,Pending
800,341,628.35,2024-04-09 11:31:16.567679,Pending
801,626,910.38,2024-09-01 08:23:11.124564,Canceled
802,160,329.45,2024-08-30 15:03:52.012981,Pending
803,416,573.07,2024-10-22 15:39:36.590782,Pending
804,14,490.16,2024-02-06 09:18:29.421695,Pending
805,650,334.07,2024-02-18 16:15:52.408149,Pending
806,348,115.02,2024-04-30 03:47:40.248166,Pending
807,473,231.82,2024-10-23 09:36:51.136932,Pending
808,216,631.08,2024-07-14 23:54:33.763885,Pending
809,689,876.33,2024-09-30 23:35:41.159988,Pending
810,353,110.58,2024-08-08 19:04:25.018819,Pending
811,207,564.46,2024-07-03 13:30:40.743180,Pending
812,250,861.78,2024-10-04 14:17:52.947220,Paid
813,350,320.11,2024-01-29 10:37:21.335118,Pending
814,607,528.71,2024-03-23 07:22:22.499111,Pending
815,693,456.93,2024-05-08 16:08:45.696822,Paid
816,456,467.41,2024-06-30 00:15:00.322957,Pending
817,47,808.74,2024-05-30 16:41:24.381223,Pending
818,354,520.21,2024-04-24 06:00:06.600416,Pending
819,386,245.52,2024-07-05 16:24:58.257172,Pending
820,370,563.72,2024-09-15 19:01:46.130812,Pending
821,564,518.84,2024-10-10 17:06:03.595499,Pending
822,121,652.11,2024-05-13 10:33:47.608680,Paid
823,9,476.33,2024-06-04 17:31:40.124763,Pending
824,108,685.97,2024-08-09 11:33:25.302397,Pending
825,481,676.55,2024-11-21 06:16:17.598010,Paid
826,232,343.75,2024-11-13 00:18:39.495485,Pending
827,555,146.62,2024-10-03 08:48:18.618254,Pending
828,150,248.85,2024-04-09 23:59:12.315104,Pending
829,278,182.98,2024-01-08 01:19:18.648964,Pending
830,484,642.27,2024-11-10 08:44:32.142693,Pending
831,259,731.58,2024-07-31 22:50:11.144951,Pending
832,456,791.06,2024-08-08 21:59:30.431311,Pending
833,322,991.85,2024-09-29 04:12:06.363808,Pending
834,65,118.86,2024-08-19 18:21:02.461862,Canceled
835,156,345.46,2024-03-01 00:52:39.205625,Canceled
836,386,414.78,2024-01-12 16:18:49.818591,Pending
837,524,668.83,2024-07-28 08:28:23.024118,Pending
838,505,660.75,2024-11-24 12:54:45.141099,Paid
839,133,928.31,2024-11-24 08:54:11.660070,Pending
840,128,472.22,2024-04-23 19:55:20.491475,Pending
841,550,939.95,2024-02-06 18:47:34.080988,Pending
842,667,735.01,2024-02-03 05:00:48.658292,Pending
843,265,134.32,2024-11-21 01:11:11.196521,Pending
844,360,724.03,2024-06-04 11:42:41.901515,Canceled
845,181,467.47,2024-11-12 00:45:35.674914,Paid
846,150,902.23,2024-10-07 18:42:40.803436,Pending
847,589,684.28,2024-06-15 03:20:04.473972,Pending
848,120,893.7,2024-08-16 17:14:29.565809,Pending
849,184,497.7,2024-06-03 23:04:33.218831,Pending
850,463,786.08,2024-05-11 16:14:12.833713,Pending
851,406,721.15,2024-10-07 09:11:11.121746,Paid
852,170,449.29,2024-10-21 05:57:29.339629,Pending
853,690,487.62,2024-03-31 22:54:13.690330,Pending
854,122,620.97,2024-09-28 07:26:21.712579,Pending
855,346,791.02,2024-10-27 09:15:07.816225,Paid
856,542,268.29,2024-06-24 14:05:09.403900,Paid
857,519,801.76,2024-02-13 09:21:38.290065,Pending
858,630,708.79,2024-10-13 14:23:50.954847,Pending
859,524,728.48,2024-07-23 15:23:32.608869,Paid
860,339,741.06,2024-11-29 01:46:27.914072,Canceled
861,294,249.47,2024-08-12 01:59:47.821187,Pending
862,423,902.53,2024-06-26 00:14:43.380646,Pending
863,116,725.14,2024-02-20 01:07:33.686531,Pending
864,187,539.03,2024-07-17 12:05:57.029067,Pending
865,302,138.04,2024-06-08 06:57:24.486018,Pending
866,125,849.49,2024-11-18 04:45:49.633769,Pending
867,16,849.86,2024-09-23 22:27:46.861516,Pending
868,484,296.93,2024-04-10 11:58:06.812676,Pending
869,580,569.58,2024-09-26 07:25:08.790066,Paid
870,67,900.48,2024-10-08 10:17:17.244073,Pending
871,596,357.68,2024-08-24 16:18:41.645969,Pending
872,135,654.75,2024-05-01 01:21:10.532307,Paid
873,424,741.22,2024-01-02 18:19:18.863566,Pending
874,70,305.68,2024-08-06 23:57:04.980181,Pending
875,475,594.88,2024-09-29 10:23:27.452686,Pending
876,399,349.46,2024-06-13 00:31:00.967823,Pending
877,622,653.12,2024-01-06 04:08:43.169579,Pending
878,394,999.56,2024-06-24 23:27:14.254895,Pending
879,545,821.62,2024-08-01 04:35:36.346021,Paid
880,479,114.19,2024-05-18 09:10:56.228151,Canceled
881,302,578.86,2024-10-09 05:31:45.629344,Pending
882,562,337.15,2024-04-03 17:48:30.008462,Pending
883,48,918.96,2024-02-23 12:15:54.586232,Paid
884,19,858.18,2024-08-23 17:29:22.900064,Pending
885,350,960.23,2024-02-22 11:10:21.874657,Canceled
886,553,721.68,2024-01-18 00:54:26.447901,Pending
887,480,187.66,2024-05-05 20:29:56.943718,Pending
888,115,868.24,2024-04-17 06:53:45.396777,Pending
889,657,488.15,2024-06-20 02:36:46.256099,Pending
890,370,948.94,2024-07-30 16:20:02.604281,Pending
891,444,289.94,2024-07-18 02:14:05.260918,Pending
892,298,815.27,2024-06-12 06:12:56.227879,Pending
893,80,328.76,2024-07-04 22:13:06.343053,Pending
894,678,217.42,2024-02-20 21:11:54.487277,Pending
895,689,232.87,2024-11-28 10:40:03.768816,Pending
896,618,371.12,2024-01-17 23:50:59.873168,Canceled
897,300,363.87,2024-06-04 02:56:38.374706,Pending
898,254,350.22,2024-02-06 20:59:01.923641,Pending
899,438,968.14,2024-09-03 22:32:18.320296,Paid
900,259,977.41,2024-08-07 23:46:30.461622,Paid
901,400,447.22,2024-11-26 03:38:32.660105,Pending
902,331,677.36,2024-06-25 05:06:07.193445,Pending
903,183,720.35,2024-02-10 08:40:11.414850,Canceled
904,254,745.41,2024-10-11 16:01:47.848889,Pending
905,681,978.32,2024-09-15 13:44:26.325513,Pending
906,323,920.07,2024-01-24 09:28:00.856465,Pending
907,379,518.61,2024-08-19 08:58:22.593385,Paid
908,321,635.64,2024-10-20 17:38:59.056752,Canceled
909,276,432.77,2024-10-21 04:45:48.628732,Pending
910,185,811.93,2024-04-03 02:30:31.304237,Pending
911,225,734.47,2024-01-01 07:51:50.198389,Pending
912,285,468.08,2024-03-12 13:42:22.635556,Paid
913,465,894.13,2024-06-05 04:40:27.877986,Canceled
914,89,357.48,2024-08-13 07:17:33.627841,Pending
915,380,829.21,2024-07-28 13:19:25.022840,Canceled
916,416,879.12,2024-07-14 15:06:47.498753,Pending
917,30,948.89,2024-06-29 16:05:16.309754,Paid
918,498,980.26,2024-02-07 22:49:04.803079,Paid
919,176,589.06,2024-08-12 16:58:02.842560,Paid
920,300,639.04,2024-05-07 11:39:36.131923,Pending
921,42,436.0,2024-11-22 17:17:45.524959,Paid
922,620,361.81,2024-01-27 19:46:18.617685,Paid
923,36,349.83,2024-11-29 23:54:46.653627,Pending
924,499,824.29,2024-11-27 03:52:35.840735,Paid
925,256,830.59,2024-05-31 06:49:59.454388,Pending
926,622,258.74,2024-07-08 02:07:57.671706,Paid
927,420,578.86,2024-08-24 21:35:08.624497,Pending
928,124,408.95,2024-01-15 10:56:00.478846,Pending
929,180,239.75,2024-02-24 16:54:59.271004,Pending
930,483,495.82,2024-02-20 05:06:17.396432,Pending
931,462,511.74,2024-08-19 07:33:16.094826,Pending
932,52,591.84,2024-04-29 17:49:19.978698,Pending
933,185,667.99,2024-04-10 19:02:53.917275,Pending
934,559,271.26,2024-06-30 03:01:57.684912,Pending
935,471,700.55,2024-11-16 06:01:41.173681,Pending
936,211,607.51,2024-07-04 22:15:22.128515,Paid
937,537,315.02,2024-10-13 23:23:54.702183,Pending
938,596,722.42,2024-11-11 22:47:48.892342,Pending
939,102,960.4,2024-02-02 04:04:14.374129,Pending
940,466,403.44,2024-05-09 05:17:19.567103,Pending
941,340,745.71,2024-09-12 21:57:47.682721,Pending
942,120,334.99,2024-01-02 14:10:53.328306,Paid
943,599,169.26,2024-07-07 20:26:44.997726,Canceled
944,553,346.05,2024-10-13 17:46:58.815167,Pending
945,440,825.08,2024-07-08 16:02:44.385330,Pending
946,386,131.11,2024-06-01 00:34:32.282117,Pending
947,575,253.85,2024-09-06 19:14:23.025164,Pending
948,100,925.36,2024-01-23 17:01:28.333916,Pending
949,672,992.24,2024-07-10 23:53:35.756144,Canceled
950,624,423.97,2024-08-01 09:11:11.175280,Paid
951,213,766.04,2024-06-03 14:30:45.270336,Paid
952,473,689.37,2024-08-27 10:20:18.023175,Pending
953,389,523.32,2024-07-06 08:47:23.124718,Pending
954,335,744.87,2024-09-13 03:30:59.333065,Pending
955,702,199.98,2024-04-09 19:14:20.059959,Pending
956,162,555.06,2024-07-09 16:18:52.107420,Pending
957,229,386.86,2024-07-14 22:09:39.340219,Pending
958,680,306.73,2024-04-17 20:48:49.387346,Pending
959,147,469.75,2024-03-29 14:26:13.945020,Pending
960,395,252.23,2024-07-01 17:08:59.421607,Pending
961,453,217.57,2024-05-23 16:16:55.079444,Pending
962,180,285.49,2024-11-01 16:41:42.545594,Pending
963,341,783.83,2024-07-05 18:39:12.438242,Paid
964,136,704.61,2024-09-11 16:53:12.641207,Pending
965,94,589.96,2024-08-18 09:35:45.525253,Pending
966,157,988.89,2024-01-17 11:16:23.926920,Pending
967,9,965.93,2024-04-24 19:25:00.978145,Pending
968,330,590.9,2024-05-15 04:52:31.074190,Canceled
969,492,883.11,2024-01-11 20:22:47.765404,Pending
970,530,931.76,2024-06-23 09:16:55.149331,Paid
971,504,897.26,2024-08-31 06:19:28.363149,Canceled
972,326,935.51,2024-10-21 23:08:15.211454,Pending
973,155,795.78,2024-05-19 04:01:20.664461,Paid
974,206,584.39,2024-07-14 11:37:16.904627,Pending
975,51,643.83,2024-03-04 13:37:09.961079,Paid
976,75,723.42,2024-11-27 10:41:35.445440,Canceled
977,295,408.22,2024-11-19 05:25:53.132591,Pending
978,209,640.51,2024-11-05 15:40:16.365299,Paid
979,264,464.7,2024-07-02 15:18:56.484263,Pending
980,516,557.97,2024-07-30 02:54:45.338682,Paid
981,554,241.42,2024-03-26 20:51:43.033334,Pending
982,201,853.97,2024-07-12 15:13:51.362607,Pending
983,443,960.14,2024-06-28 21:58:28.951314,Pending
984,601,373.6,2024-08-03 06:38:58.993059,Pending
985,555,790.57,2024-05-15 11:05:59.168858,Pending
986,174,810.45,2024-02-01 00:57:44.057453,Paid
987,156,505.56,2024-02-20 17:01:57.177736,Paid
988,643,486.27,2024-10-21 07:35:05.022283,Pending
989,34,996.91,2024-08-06 19:49:31.596581,Paid
990,349,445.08,2024-10-10 05:46:48.102510,Paid
991,433,895.34,2024-07-06 02:24:44.933950,Pending
992,531,920.06,2024-07-16 18:39:01.668208,Pending
993,694,545.71,2024-10-10 07:27:28.636503,Pending
994,141,899.81,2024-09-11 20:54:37.334334,Pending
995,592,980.4,2024-03-29 08:53:01.878200,Canceled
996,439,845.98,2024-10-06 09:32:19.805729,Pending
997,89,459.78,2024-07-28 13:52:16.851194,Pending
998,198,101.21,2024-11-18 19:15:46.178688,Pending
999,259,508.92,2024-08-12 11:51:44.423043,Pending
1000,688,378.89,2024-07-30 06:21:27.145927,Paid
1001,700,895.0,2024-07-26 04:41:04.136798,Paid
1002,654,972.35,2024-09-11 12:03:51.573593,Pending
1003,471,195.85,2024-08-01 05:16:45.050190,Pending
1004,245,886.16,2024-09-14 07:40:31.036644,Pending
1005,571,745.29,2024-08-21 22:43:28.642955,Pending
1006,242,175.03,2024-03-11 07:15:29.969831,Pending
1007,237,972.12,2024-03-31 09:07:57.522573,Paid
1008,550,718.86,2024-07-08 03:34:13.381897,Paid
1009,271,202.85,2024-03-10 04:42:02.386452,Pending
1010,362,901.59,2024-04-23 16:41:11.711624,Paid
1011,529,242.28,2024-04-26 05:14:06.986968,Paid
1012,566,236.38,2024-06-06 21:50:19.607827,Pending
1013,561,279.33,2024-04-04 21:53:43.492332,Pending
1014,655,462.27,2024-10-08 22:56:20.213327,Pending
1015,677,134.81,2024-07-28 22:31:52.385333,Pending
1016,291,663.17,2024-09-28 02:15:52.483184,Pending
1017,38,417.99,2024-07-30 04:38:56.824574,Pending
1018,253,162.95,2024-07-29 10:50:01.515750,Pending
1019,619,567.55,2024-10-19 05:07:02.367401,Pending
1020,8,700.04,2024-01-21 22:13:45.070463,Pending
1021,473,448.55,2024-10-24 11:28:16.821633,Canceled
1022,133,171.89,2024-11-08 00:00:07.099928,Pending
1023,669,225.7,2024-09-30 19:22:02.754847,Canceled
1024,378,595.14,2024-07-15 12:33:25.199301,Pending
1025,621,108.08,2024-06-01 22:11:33.515199,Paid
1026,264,594.46,2024-10-07 17:55:24.655942,Pending
1027,461,650.57,2024-05-13 12:23:58.999465,Pending
1028,605,246.3,2024-09-02 07:42:18.840654,Paid
1029,580,343.07,2024-11-17 16:42:42.414848,Paid
1030,582,315.39,2024-08-27 18:28:08.091612,Pending
1031,638,750.02,2024-10-05 13:26:12.926934,Pending
1032,570,369.03,2024-10-27 04:45:50.518572,Pending
1033,273,368.6,2024-10-23 13:16:17.715344,Pending
1034,135,448.87,2024-09-04 00:41:14.365676,Paid
1035,355,127.05,2024-06-29 08:37:52.121978,Pending
1036,44,234.61,2024-06-15 23:05:14.846591,Pending
1037,495,509.51,2024-07-12 15:21:20.459719,Pending
1038,656,994.85,2024-04-17 12:21:05.703381,Pending
1039,669,235.0,2024-11-14 19:18:35.893311,Canceled
1040,649,474.4,2024-01-20 07:48:54.410845,Pending
1041,650,833.34,2024-01-07 16:34:10.690220,Pending
1042,352,582.61,2024-07-16 08:12:30.417122,Canceled
1043,400,770.88,2024-10-22 22:44:18.297955,Pending
1044,176,966.61,2024-04-17 05:36:10.902065,Pending
1045,289,109.89,2024-04-02 16:53:41.267829,Pending
1046,449,989.19,2024-10-14 03:37:10.457450,Pending
1047,311,569.33,2024-01-04 19:42:31.996734,Pending
1048,470,255.72,2024-08-28 19:07:42.221205,Paid
1049,436,845.64,2024-04-05 13:58:03.546538,Pending
1050,171,321.23,2024-05-15 08:14:13.158056,Pending
1051,195,860.65,2024-02-14 19:37:48.424073,Pending
1052,120,762.52,2024-06-06 23:49:14.162958,Canceled
1053,289,856.5,2024-02-22 07:51:50.787423,Pending
1054,537,153.6,2024-11-28 01:53:19.169346,Pending
1055,78,588.06,2024-05-20 23:40:35.854506,Canceled
1056,265,420.42,2024-03-02 07:48:02.820148,Canceled
1057,564,677.45,2024-06-07 02:09:38.130946,Pending
1058,253,764.51,2024-04-12 18:41:38.432493,Pending
1059,159,583.98,2024-05-23 09:10:01.294331,Pending
1060,429,850.38,2024-07-13 04:20:09.770609,Pending
1061,496,209.77,2024-08-24 05:01:46.322358,Paid
1062,193,430.52,2024-08-13 18:38:23.286710,Paid
1063,177,920.04,2024-07-11 04:54:11.157961,Paid
1064,261,494.22,2024-01-09 07:32:36.021594,Paid
1065,261,276.21,2024-02-29 06:15:48.368927,Pending
1066,673,616.44,2024-06-01 00:24:21.039521,Paid
1067,86,703.39,2024-09-07 21:56:36.407730,Pending
1068,471,960.16,2024-02-18 05:23:50.175778,Pending
1069,667,560.7,2024-03-03 22:34:02.755514,Pending
1070,48,899.84,2024-01-12 15:47:19.853742,Pending
1071,349,153.72,2024-10-13 02:58:16.461818,Pending
1072,293,519.93,2024-10-09 12:29:09.987668,Pending
1073,185,476.78,2024-07-31 04:31:32.657193,Paid
1074,126,995.33,2024-09-22 18:53:49.013647,Paid
1075,241,937.47,2024-03-22 14:23:34.270505,Pending
1076,93,687.88,2024-08-13 06:34:43.804626,Paid
1077,602,716.25,2024-01-25 13:57:21.723395,Pending
1078,668,242.54,2024-10-02 06:30:16.736283,Canceled
1079,626,910.95,2024-02-27 07:28:10.295881,Paid
1080,414,262.46,2024-11-20 04:07:21.375715,Paid
1081,670,164.72,2024-02-16 21:29:28.226671,Pending
1082,192,680.98,2024-04-15 15:04:45.056782,Pending
1083,568,964.42,2024-04-14 15:27:00.650814,Pending
1084,416,323.94,2024-11-04 00:13:42.684705,Paid
1085,639,791.65,2024-05-16 16:44:22.676725,Pending
1086,166,102.44,2024-09-22 00:37:29.852700,Canceled
1087,574,329.61,2024-09-14 15:04:20.824100,Pending
1088,292,351.17,2024-10-22 17:23:00.445286,Pending
1089,16,566.15,2024-08-09 18:10:17.632455,Pending
1090,599,461.46,2024-03-26 12:41:41.822827,Pending
1091,316,385.0,2024-10-30 12:10:32.762073,Pending
1092,255,744.72,2024-03-25 02:58:36.174307,Paid
1093,411,636.16,2024-06-12 04:09:36.717911,Pending
1094,2,454.52,2024-09-24 00:03:52.990425,Paid
1095,52,326.93,2024-09-27 18:25:34.107735,Paid
1096,98,675.22,2024-06-21 04:22:26.087267,Pending
1097,236,806.56,2024-01-18 08:21:00.836637,Pending
1098,192,481.15,2024-10-07 15:24:12.088900,Pending
1099,268,757.22,2024-11-12 14:05:53.357765,Pending
1100,555,525.7,2024-11-26 03:41:15.788234,Pending
1101,149,574.08,2024-03-18 05:11:42.944569,Paid
1102,150,337.15,2024-04-29 22:04:38.239008,Pending
1103,462,184.47,2024-09-28 05:31:27.458681,Pending
1104,611,600.72,2024-08-08 01:01:21.364318,Pending
1105,674,551.4,2024-08-01 05:30:56.621232,Pending
1106,198,418.52,2024-06-18 05:00:13.990221,Paid
1107,137,959.49,2024-02-15 16:29:53.914336,Canceled
1108,668,113.93,2024-02-22 02:34:41.070852,Pending
1109,509,222.11,2024-06-10 18:48:08.713545,Pending
1110,397,519.63,2024-09-01 18:57:23.665148,Pending
1111,222,302.28,2024-03-26 17:34:56.935981,Pending
1112,95,356.11,2024-02-12 05:00:45.959262,Pending
1113,88,528.39,2024-09-17 21:02:20.088532,Canceled
1114,218,590.54,2024-05-12 21:20:41.681416,Pending
1115,583,999.71,2024-07-02 14:03:26.296880,Paid
1116,566,776.05,2024-08-08 12:49:20.072242,Paid
1117,443,476.92,2024-05-13 00:10:49.451703,Pending
1118,4,460.19,2024-10-28 07:58:40.670815,Pending
1119,366,478.36,2024-08-07 01:29:56.332949,Pending
1120,212,198.82,2024-04-02 18:42:30.674578,Pending
1121,469,848.43,2024-05-08 03:10:47.491652,Pending
1122,665,929.4,2024-07-02 11:55:21.604200,Pending
1123,250,732.33,2024-06-12 03:29:26.645088,Pending
1124,166,973.16,2024-04-26 09:10:05.213965,Pending
1125,232,323.14,2024-07-09 08:03:52.723652,Pending
1126,576,531.58,2024-09-10 16:11:11.880201,Canceled
1127,35,344.2,2024-05-23 15:05:47.329412,Canceled
1128,307,457.2,2024-01-27 07:25:25.847070,Canceled
1129,88,736.22,2024-06-28 23:20:44.344542,Pending
1130,462,810.93,2024-07-19 07:28:34.116552,Pending
1131,500,589.14,2024-06-14 09:01:35.999601,Pending
1132,379,818.12,2024-01-16 23:26:54.696410,Pending
1133,322,818.46,2024-05-28 01:39:37.344460,Pending
1134,633,779.93,2024-02-03 03:30:19.586700,Pending
1135,212,376.65,2024-07-02 11:46:34.439145,Pending
1136,403,234.96,2024-04-05 01:43:58.692532,Pending
1137,431,388.05,2024-08-21 14:04:40.770225,Pending
1138,258,430.74,2024-02-20 20:51:46.772467,Pending
1139,270,861.58,2024-06-27 12:44:47.712492,Paid
1140,403,530.67,2024-08-27 22:35:29.148053,Canceled
1141,73,190.86,2024-01-08 19:41:27.157674,Paid
1142,130,953.91,2024-03-16 17:33:08.828104,Paid
1143,83,962.99,2024-03-29 07:26:31.880743,Canceled
1144,538,188.08,2024-01-01 14:20:24.867351,Pending
1145,236,933.78,2024-05-14 00:46:55.175764,Paid
1146,57,646.29,2024-07-09 02:53:32.958004,Pending
1147,374,754.75,2024-07-20 06:49:12.517314,Paid
1148,469,659.26,2024-10-11 14:33:46.764666,Pending
1149,404,461.59,2024-11-07 15:05:25.408834,Pending
1150,658,365.2,2024-11-08 17:41:27.632290,Canceled
1151,665,125.73,2024-02-24 17:24:00.942769,Pending
1152,422,216.82,2024-11-14 00:35:05.491668,Pending
1153,24,183.56,2024-08-11 16:24:53.064976,Pending
1154,650,750.14,2024-01-23 14:41:35.752140,Pending
1155,662,816.04,2024-09-20 16:27:07.012177,Pending
1156,52,690.04,2024-01-17 19:04:42.874079,Pending
1157,204,500.36,2024-10-01 17:49:55.561572,Paid
1158,577,170.25,2024-11-04 20:08:07.401988,Pending
1159,566,746.14,2024-08-03 16:22:06.490898,Pending
1160,471,635.04,2024-04-17 16:49:41.372652,Paid
1161,259,328.09,2024-06-17 19:05:58.209884,Pending
1162,336,564.94,2024-10-02 08:31:54.498004,Pending
1163,323,455.39,2024-02-10 07:32:49.324316,Pending
1164,78,249.17,2024-10-25 08:12:04.213260,Pending
1165,397,432.56,2024-07-18 12:53:38.209521,Pending
1166,218,184.42,2024-06-04 22:58:50.634751,Pending
1167,29,736.39,2024-07-02 20:56:10.321254,Pending
1168,587,117.34,2024-05-08 04:26:43.592419,Paid
1169,72,902.68,2024-03-29 06:19:16.022492,Pending
1170,425,681.21,2024-06-21 03:04:05.517116,Paid
1171,439,870.9,2024-06-06 17:55:44.449543,Pending
1172,267,796.83,2024-03-17 17:06:34.970521,Pending
1173,89,769.07,2024-03-14 08:05:41.886493,Paid
1174,699,961.16,2024-09-28 18:48:49.394052,Pending
1175,86,360.15,2024-11-27 18:20:14.619613,Pending
1176,580,837.3,2024-03-28 07:49:30.627112,Pending
1177,639,808.64,2024-05-20 12:26:49.253139,Pending
1178,523,972.81,2024-07-12 20:07:23.233390,Pending
1179,141,860.83,2024-11-16 22:39:40.961792,Pending
1180,421,427.37,2024-02-09 21:02:11.828965,Pending
1181,242,342.17,2024-11-16 20:55:08.727568,Canceled
1182,269,556.34,2024-10-17 10:34:03.127244,Pending
1183,5,555.63,2024-06-26 07:40:47.867032,Canceled
1184,26,754.55,2024-03-15 13:31:48.123841,Pending
1185,511,648.53,2024-01-16 09:56:53.149247,Pending
1186,63,992.96,2024-05-05 04:35:45.451496,Pending
1187,184,214.06,2024-06-11 02:25:29.639698,Paid
1188,268,257.67,2024-01-03 12:50:29.814948,Canceled
1189,341,631.65,2024-08-02 09:19:03.962742,Paid
1190,544,729.35,2024-05-25 10:22:49.701446,Paid
1191,311,343.05,2024-04-04 16:43:42.476215,Pending
1192,489,583.6,2024-09-29 23:45:15.534674,Canceled
1193,240,640.13,2024-09-04 16:56:08.540897,Pending
1194,363,908.13,2024-09-29 08:39:15.678678,Canceled
1195,308,598.57,2024-08-11 21:43:18.544526,Pending
1196,469,869.89,2024-02-01 01:44:45.158487,Pending
1197,349,813.68,2024-10-31 07:25:39.008075,Pending
1198,24,467.2,2024-05-07 16:04:11.287846,Pending
1199,492,889.1,2024-07-24 02:12:11.655109,Pending
1200,72,677.26,2024-05-01 13:49:00.255532,Pending
