organizer_id,event_id
8153,1
11518,2
17345,3
6195,4
7559,5
18668,6
7293,7
13562,8
12774,9
14098,10
909,11
10978,12
8052,13
5053,14
8811,15
13357,16
8606,17
12460,18
895,19
7386,20
17706,21
3286,22
547,23
11984,24
2856,25
14110,26
15718,27
10124,28
13954,29
10489,30
6094,31
15197,32
18910,33
7549,34
11936,35
19588,36
18961,37
9074,38
17438,39
3516,40
13182,41
13220,42
16901,43
13765,44
6473,45
17077,46
16953,47
8426,48
10604,49
10915,50
5185,51
17706,52
15989,53
11872,54
12090,55
9728,56
6421,57
13270,58
35,59
7086,60
4620,61
10722,62
10838,63
8343,64
6534,65
3287,66
1020,67
9279,68
16215,69
3907,70
2007,71
3665,72
3597,73
4349,74
7166,75
16731,76
10176,77
13204,78
2568,79
3539,80
15028,81
12537,82
14861,83
5044,84
16899,85
6435,86
5104,87
4707,88
11946,89
13028,90
4932,91
16190,92
14442,93
8736,94
14210,95
3921,96
11640,97
14570,98
715,99
15178,100
3299,101
9099,102
503,103
7347,104
18573,105
16587,106
3972,107
17068,108
5902,109
5534,110
18494,111
9650,112
8917,113
1736,114
10103,115
9675,116
9203,117
7867,118
17547,119
15407,120
15683,121
10284,122
4024,123
7093,124
3886,125
12115,126
12447,127
7743,128
2889,129
17942,130
9114,131
10176,132
9057,133
16100,134
5817,135
13182,136
8904,137
11023,138
13659,139
5812,140
6709,141
677,142
11872,143
11462,144
10496,145
16362,146
7468,147
3269,148
14062,149
5357,150
3215,151
7236,152
1965,153
6435,154
7946,155
10526,156
18224,157
383,158
19493,159
364,160
5866,161
589,162
15633,163
14500,164
18902,165
14737,166
10907,167
14556,168
3630,169
5527,170
16624,171
8765,172
14382,173
3555,174
4195,175
5724,176
5963,177
5627,178
18105,179
3819,180
15914,181
4399,182
3863,183
18605,184
5237,185
6846,186
8441,187
6303,188
1260,189
11259,190
10669,191
6881,192
8646,193
18787,194
8547,195
13580,196
1155,197
1256,198
2616,199
10794,200
3869,201
15322,202
3513,203
4087,204
17928,205
7907,206
15495,207
7716,208
10280,209
2508,210
5862,211
8654,212
13092,213
17426,214
6113,215
15968,216
8654,217
15151,218
14105,219
14520,220
17061,221
17495,222
1363,223
668,224
19239,225
15275,226
14130,227
5100,228
7355,229
89,230
2280,231
15939,232
13358,233
4232,234
19900,235
683,236
1069,237
1007,238
14610,239
2543,240
12255,241
13621,242
6728,243
19990,244
253,245
19347,246
2889,247
13958,248
17670,249
8736,250
8792,251
13807,252
7256,253
8077,254
16407,255
2689,256
17744,257
9745,258
12322,259
13512,260
5750,261
12576,262
19068,263
8759,264
8828,265
1782,266
1861,267
13204,268
15038,269
11404,270
13133,271
18344,272
13805,273
10711,274
2891,275
18248,276
6564,277
989,278
10309,279
16293,280
7632,281
15322,282
4796,283
13747,284
17408,285
15213,286
17760,287
11961,288
4113,289
2120,290
18090,291
3403,292
1157,293
13121,294
6711,295
12879,296
2970,297
13119,298
8917,299
1065,300
4964,301
16496,302
1475,303
16101,304
1170,305
16641,306
11444,307
11023,308
1574,309
12690,310
7919,311
4087,312
4646,313
10951,314
2929,315
5698,316
3872,317
3338,318
5760,319
19922,320
15597,321
12043,322
6909,323
16423,324
9120,325
10523,326
9327,327
756,328
12914,329
8144,330
3436,331
12690,332
1069,333
3464,334
907,335
9446,336
3070,337
15944,338
13034,339
13594,340
5447,341
10255,342
7544,343
14606,344
6595,345
12196,346
15668,347
9749,348
4539,349
4154,350
17109,351
1469,352
15436,353
14752,354
7937,355
9946,356
17345,357
16104,358
12103,359
11866,360
9279,361
17847,362
3585,363
9006,364
13412,365
4499,366
6006,367
4384,368
16165,369
7261,370
17673,371
80,372
8343,373
9204,374
3308,375
10706,376
3,377
5523,378
4397,379
3893,380
12145,381
7699,382
4458,383
16766,384
895,385
3872,386
9534,387
8727,388
3590,389
12031,390
18170,391
3559,392
15946,393
3972,394
14136,395
12757,396
10922,397
10113,398
6887,399
9593,400
16492,401
12650,402
3952,403
8695,404
35,405
3839,406
17426,407
3555,408
5137,409
14203,410
2556,411
7272,412
10649,413
8008,414
14817,415
6488,416
11034,417
3925,418
19446,419
5775,420
1301,421
15213,422
11901,423
468,424
12678,425
10081,426
1995,427
14589,428
5812,429
9961,430
162,431
10070,432
1294,433
6014,434
2147,435
6231,436
7279,437
517,438
17248,439
3456,440
5289,441
5037,442
11117,443
17948,444
5804,445
14673,446
253,447
1843,448
3713,449
14083,450
18342,451
4964,452
5366,453
10058,454
2346,455
1294,456
6162,457
6421,458
9523,459
19554,460
257,461
4416,462
13784,463
17979,464
16472,465
18795,466
10635,467
11788,468
3300,469
4569,470
18580,471
1945,472
6636,473
10685,474
19558,475
19649,476
7780,477
17426,478
14498,479
13732,480
3585,481
12649,482
18832,483
6432,484
7632,485
1911,486
18197,487
17162,488
10489,489
12336,490
13321,491
7128,492
18846,493
10304,494
7057,495
5137,496
3564,497
7117,498
5007,499
10744,500
8636,501
14708,502
17638,503
8786,504
13184,505
11250,506
77,507
18041,508
10501,509
7128,510
9606,511
14299,512
5379,513
5176,514
13319,515
11363,516
15955,517
15336,518
5410,519
18248,520
18283,521
6636,522
11290,523
7443,524
7186,525
4707,526
9142,527
6676,528
12576,529
17847,530
11238,531
12980,532
16968,533
8233,534
7632,535
10354,536
285,537
3215,538
13344,539
1733,540
4242,541
14884,542
18014,543
9749,544
12323,545
18638,546
8529,547
19219,548
7824,549
16694,550
7048,551
4923,552
15945,553
4599,554
9443,555
2601,556
16613,557
9486,558
4235,559
3150,560
6224,561
4443,562
12391,563
2881,564
10398,565
14274,566
16112,567
10176,568
4379,569
8469,570
12810,571
7989,572
13580,573
6915,574
1326,575
2752,576
6327,577
18910,578
15613,579
11833,580
13259,581
1911,582
5915,583
5284,584
1117,585
14628,586
7561,587
8948,588
15925,589
18020,590
518,591
15743,592
8614,593
15970,594
1332,595
15567,596
19330,597
6111,598
10290,599
16552,600
907,601
14707,602
14102,603
15373,604
2270,605
636,606
2747,607
6883,608
9403,609
8276,610
11422,611
9169,612
4358,613
14637,614
7535,615
14569,616
1854,617
6170,618
12835,619
128,620
14110,621
3839,622
2646,623
10121,624
1621,625
2275,626
10678,627
14396,628
13028,629
1065,630
3635,631
4087,632
2289,633
15928,634
16550,635
7919,636
5709,637
4882,638
14435,639
5740,640
8917,641
16542,642
517,643
1627,644
7234,645
14760,646
17033,647
6308,648
15211,649
1715,650
12323,651
9195,652
11440,653
18668,654
11219,655
18967,656
10900,657
18704,658
15601,659
12954,660
13653,661
3755,662
11782,663
19939,664
12980,665
15667,666
989,667
9754,668
14297,669
4354,670
1195,671
547,672
4637,673
18392,674
1912,675
18520,676
14261,677
1559,678
19985,679
8656,680
12372,681
17809,682
11191,683
229,684
13063,685
9486,686
9749,687
6923,688
9018,689
15820,690
363,691
11641,692
9675,693
12175,694
5237,695
2974,696
18704,697
14093,698
15776,699
12817,700
4024,701
18856,702
18213,703
16471,704
18740,705
11588,706
13776,707
9459,708
15394,709
15331,710
19204,711
9042,712
13222,713
19319,714
13357,715
19085,716
13430,717
19233,718
529,719
5018,720
11046,721
11288,722
2340,723
19325,724
8095,725
10222,726
11404,727
6002,728
7549,729
2948,730
5991,731
19246,732
8135,733
8665,734
13045,735
12052,736
7629,737
12685,738
13156,739
3809,740
10399,741
7779,742
3833,743
10090,744
11055,745
1425,746
3086,747
9525,748
4727,749
4882,750
19121,751
16660,752
395,753
1826,754
14670,755
162,756
15955,757
15810,758
2564,759
18717,760
4405,761
4950,762
14434,763
13592,764
4088,765
15436,766
18020,767
15820,768
9523,769
7257,770
8008,771
2144,772
8193,773
4208,774
517,775
13757,776
5037,777
7257,778
813,779
1782,780
15918,781
7198,782
4499,783
895,784
18463,785
13467,786
10978,787
13638,788
5021,789
4235,790
7234,791
11421,792
7214,793
13187,794
14487,795
17345,796
17248,797
12810,798
3596,799
5951,800
11444,801
2593,802
9190,803
4863,804
3745,805
10263,806
3127,807
9593,808
1343,809
8034,810
17230,811
13615,812
17013,813
6930,814
18844,815
15925,816
8017,817
9240,818
550,819
17474,820
16366,821
10070,822
4630,823
2735,824
19799,825
8017,826
17162,827
7738,828
16578,829
5981,830
15443,831
10604,832
9072,833
13943,834
9353,835
14272,836
12094,837
13257,838
13220,839
62,840
8251,841
11790,842
7804,843
13150,844
10021,845
12975,846
527,847
1852,848
1256,849
11224,850
1387,851
948,852
3137,853
17426,854
12889,855
15125,856
6534,857
14814,858
6235,859
19684,860
11927,861
3837,862
12951,863
12196,864
7824,865
14435,866
19091,867
19224,868
2120,869
16562,870
14299,871
13107,872
17542,873
1002,874
2313,875
7279,876
2508,877
15288,878
4581,879
6152,880
1313,881
8761,882
2007,883
3035,884
14382,885
6840,886
666,887
7706,888
3952,889
10907,890
14128,891
3555,892
14940,893
9544,894
13270,895
4147,896
18232,897
19371,898
2141,899
18934,900
6915,901
16491,902
7223,903
9857,904
19187,905
7435,906
3878,907
11667,908
2956,909
6748,910
18552,911
896,912
5354,913
8095,914
10468,915
19168,916
2770,917
19059,918
6642,919
15939,920
4225,921
11328,922
3841,923
19435,924
3014,925
14002,926
10336,927
10317,928
5888,929
12146,930
11231,931
677,932
22,933
19335,934
8578,935
10861,936
4071,937
3270,938
3822,939
5947,940
8125,941
7493,942
6403,943
16668,944
10052,945
14716,946
11789,947
16123,948
3854,949
19677,950
265,951
14786,952
8648,953
12211,954
5823,955
1998,956
8171,957
4210,958
1177,959
15210,960
14982,961
8462,962
13319,963
436,964
8008,965
6320,966
11318,967
15287,968
11485,969
12824,970
17934,971
14500,972
1406,973
15902,974
5327,975
16570,976
18240,977
5072,978
14576,979
8532,980
7369,981
18934,982
12175,983
7096,984
4993,985
17789,986
18049,987
3914,988
18092,989
10526,990
19705,991
11524,992
16641,993
4882,994
3585,995
8393,996
6794,997
17638,998
10428,999
7579,1000
17440,1001
7892,1002
7716,1003
3204,1004
10468,1005
1911,1006
13124,1007
257,1008
17196,1009
11716,1010
4242,1011
13250,1012
9118,1013
6195,1014
17796,1015
6930,1016
10227,1017
17703,1018
14701,1019
8794,1020
18756,1021
18027,1022
18076,1023
2884,1024
5410,1025
13159,1026
11789,1027
19517,1028
5219,1029
715,1030
8794,1031
14273,1032
5888,1033
10176,1034
5747,1035
3297,1036
18126,1037
8734,1038
15222,1039
4707,1040
14626,1041
9849,1042
7954,1043
19157,1044
5789,1045
7041,1046
4981,1047
11927,1048
18938,1049
12451,1050
1065,1051
19835,1052
11191,1053
17176,1054
2804,1055
182,1056
1843,1057
9522,1058
108,1059
19116,1060
12417,1061
10022,1062
961,1063
9237,1064
17723,1065
2856,1066
11318,1067
18596,1068
3270,1069
7196,1070
5915,1071
18815,1072
1205,1073
8782,1074
3467,1075
17448,1076
4120,1077
8945,1078
10309,1079
5082,1080
2259,1081
17823,1082
15348,1083
7443,1084
8848,1085
13067,1086
8511,1087
19931,1088
5856,1089
16109,1090
726,1091
15839,1092
4088,1093
3935,1094
15463,1095
3296,1096
10187,1097
2881,1098
9821,1099
6479,1100
10907,1101
10932,1102
10495,1103
10724,1104
16799,1105
10093,1106
11422,1107
19246,1108
2889,1109
18315,1110
19008,1111
13639,1112
4321,1113
1564,1114
2277,1115
6090,1116
1465,1117
9946,1118
18112,1119
14631,1120
1138,1121
12670,1122
17061,1123
10835,1124
19041,1125
2360,1126
12448,1127
17872,1128
12152,1129
989,1130
18756,1131
4755,1132
7067,1133
8026,1134
8026,1135
17412,1136
9607,1137
16671,1138
5021,1139
10320,1140
15683,1141
6451,1142
3922,1143
4549,1144
1323,1145
7395,1146
4543,1147
8578,1148
18126,1149
8034,1150
7710,1151
162,1152
6146,1153
7194,1154
16603,1155
35,1156
17537,1157
2069,1158
3614,1159
634,1160
2804,1161
6432,1162
1256,1163
5202,1164
2884,1165
14011,1166
15525,1167
15968,1168
108,1169
1587,1170
16420,1171
11055,1172
18968,1173
10914,1174
2199,1175
3319,1176
14198,1177
17651,1178
6659,1179
17261,1180
13499,1181
14641,1182
10005,1183
2036,1184
6100,1185
10738,1186
15269,1187
9230,1188
11032,1189
5445,1190
18535,1191
7511,1192
7128,1193
7272,1194
9946,1195
11668,1196
12308,1197
8418,1198
10255,1199
11587,1200
4758,1201
17647,1202
17638,1203
12856,1204
1663,1205
8233,1206
1260,1207
2804,1208
18838,1209
3257,1210
16362,1211
17796,1212
11387,1213
12542,1214
15923,1215
11669,1216
3869,1217
19070,1218
13615,1219
19299,1220
12835,1221
15265,1222
114,1223
7808,1224
10913,1225
8964,1226
11441,1227
14102,1228
7705,1229
8418,1230
18236,1231
8446,1232
16195,1233
3557,1234
1514,1235
16833,1236
12967,1237
10495,1238
3819,1239
18122,1240
7435,1241
13671,1242
5948,1243
12023,1244
14940,1245
16467,1246
10320,1247
8292,1248
8964,1249
8193,1250
5483,1251
6642,1252
18197,1253
3442,1254
10589,1255
14140,1256
8873,1257
17112,1258
8056,1259
3572,1260
2601,1261
18559,1262
3458,1263
11312,1264
14646,1265
17245,1266
18174,1267
14678,1268
8748,1269
1480,1270
17498,1271
14238,1272
180,1273
19227,1274
9835,1275
3127,1276
16231,1277
4206,1278
2275,1279
6451,1280
8147,1281
3833,1282
10757,1283
12417,1284
8796,1285
9240,1286
17744,1287
16937,1288
2221,1289
1175,1290
12241,1291
9759,1292
2122,1293
17580,1294
14678,1295
19921,1296
2469,1297
14765,1298
15873,1299
8253,1300
