payment_id,order_id,payment_date,amount,method,status
1,1,2024-11-22 19:37:36.678567,482.79,Credit Card,Pending
2,2,2024-10-05 22:16:40.594517,261.14,PayPal,Pending
3,3,2024-03-23 17:18:44.742590,581.35,PayPal,Completed
4,4,2024-02-13 04:44:15.741781,510.83,Bank Transfer,Pending
5,5,2024-04-10 09:17:05.668276,206.21,PayPal,Pending
6,6,2024-09-23 23:15:21.755077,146.63,Credit Card,Pending
7,7,2024-08-29 07:54:03.080479,452.48,Bank Transfer,Pending
8,8,2024-08-20 12:19:31.207072,370.79999999999995,Credit Card,Completed
9,9,2024-10-28 17:59:10.465687,937.89,PayPal,Pending
10,10,2024-03-26 16:10:59.223946,735.29,Credit Card,Pending
11,11,2024-10-20 03:10:42.513188,728.57,PayPal,Pending
12,12,2024-11-18 11:05:27.819619,355.07,Bank Transfer,Pending
13,13,2024-03-15 13:53:02.260406,169.9,PayPal,Completed
14,14,2024-09-29 11:28:50.230206,341.98,PayPal,Pending
15,15,2024-11-17 14:44:04.709473,424.27,Credit Card,Pending
16,16,2024-05-14 02:00:02.852423,515.15,PayPal,Pending
17,17,2024-08-10 09:29:23.206486,852.82,Bank Transfer,Pending
18,18,2024-04-11 12:42:16.480178,550.35,PayPal,Pending
19,19,2024-06-06 06:05:01.874259,462.51,Bank Transfer,Completed
20,20,2024-08-11 00:11:21.824420,553.59,Bank Transfer,Completed
21,21,2024-09-16 14:23:17.399254,141.22,Bank Transfer,Completed
22,22,2024-01-04 14:22:57.711852,477.42,Credit Card,Pending
23,23,2024-02-03 01:04:34.381446,169.07,Bank Transfer,Pending
24,24,2024-01-17 19:13:48.210347,876.84,Credit Card,Pending
25,25,2024-10-12 18:30:36.169983,814.22,Credit Card,Pending
26,26,2024-03-11 23:52:24.228960,443.49,PayPal,Pending
27,27,2024-01-03 15:07:41.372653,318.19,PayPal,Pending
28,28,2024-10-27 08:25:47.576324,834.23,Credit Card,Pending
29,29,2024-05-31 03:08:12.675020,973.77,Bank Transfer,Pending
30,30,2024-11-01 12:07:03.213054,311.09,Bank Transfer,Pending
31,31,2024-10-14 22:40:16.246363,807.59,PayPal,Pending
32,32,2024-08-11 03:33:13.095784,601.2,Bank Transfer,Completed
33,33,2024-11-19 02:30:37.204813,568.84,Credit Card,Pending
34,35,2024-08-18 20:50:41.985499,546.8199999999999,PayPal,Completed
35,36,2024-02-19 18:11:43.441038,705.67,Bank Transfer,Pending
36,37,2024-01-12 23:01:43.109903,605.95,PayPal,Completed
37,40,2024-03-07 01:00:04.118091,924.74,Bank Transfer,Pending
38,41,2024-11-30 03:42:38.016339,848.79,PayPal,Pending
39,42,2024-10-18 21:00:06.433452,748.63,Credit Card,Pending
40,43,2024-10-12 07:07:49.411571,540.04,PayPal,Pending
41,44,2024-11-15 16:18:02.887073,404.6,Bank Transfer,Completed
42,45,2024-05-12 04:30:24.949048,988.82,Credit Card,Pending
43,48,2024-02-14 00:31:14.620678,924.5,Credit Card,Pending
44,49,2024-08-19 20:53:07.441576,992.36,Credit Card,Pending
45,51,2024-08-06 15:15:56.977787,121.35,PayPal,Completed
46,52,2024-03-19 19:26:10.285344,721.59,Credit Card,Pending
47,53,2024-11-11 16:58:15.287385,880.44,Bank Transfer,Pending
48,54,2024-09-11 19:03:34.749129,586.77,Bank Transfer,Pending
49,56,2024-08-27 13:30:35.541980,406.54,Bank Transfer,Completed
50,57,2024-01-24 22:41:24.089412,520.74,Bank Transfer,Completed
51,58,2024-07-21 21:47:01.387817,200.82,Credit Card,Pending
52,59,2024-03-02 08:57:00.744122,946.64,PayPal,Pending
53,60,2024-07-27 16:26:15.939389,887.88,PayPal,Pending
54,61,2024-05-19 00:37:04.405219,944.6,PayPal,Pending
55,62,2024-02-03 06:11:34.914459,529.93,PayPal,Completed
56,63,2024-11-29 06:34:23.358708,999.03,Bank Transfer,Pending
57,64,2024-08-12 04:37:17.728086,233.56,PayPal,Pending
58,65,2024-10-27 23:01:25.193517,624.58,Bank Transfer,Pending
59,66,2024-09-30 00:45:00.120155,748.01,Bank Transfer,Pending
60,67,2024-05-07 17:31:40.310404,234.11,Bank Transfer,Pending
61,68,2024-04-04 09:48:29.802326,670.2,Credit Card,Pending
62,69,2024-04-29 21:32:03.000369,301.65,Credit Card,Completed
63,70,2024-02-20 05:45:47.558298,266.57,Bank Transfer,Pending
64,71,2024-04-03 10:16:53.542028,487.73,PayPal,Pending
65,72,2024-09-20 14:05:08.140598,821.63,Credit Card,Pending
66,73,2024-11-20 16:57:18.621169,308.19,PayPal,Pending
67,74,2024-02-03 20:04:49.880042,905.58,PayPal,Pending
68,75,2024-01-24 13:17:03.259721,500.59000000000003,PayPal,Completed
69,76,2024-08-22 11:02:20.478576,966.11,Bank Transfer,Pending
70,77,2024-10-31 08:15:52.071349,186.43,Bank Transfer,Pending
71,78,2024-04-12 17:10:55.744096,106.37,Credit Card,Pending
72,79,2024-07-24 04:30:25.763194,915.15,Credit Card,Pending
73,80,2024-08-06 03:35:27.191232,741.92,PayPal,Pending
74,81,2024-01-20 14:22:42.767758,767.05,PayPal,Pending
75,82,2024-04-07 22:36:50.186506,812.94,Bank Transfer,Pending
76,83,2024-05-12 21:05:02.690451,410.51,Bank Transfer,Pending
77,84,2024-05-07 21:26:51.662874,739.72,Bank Transfer,Pending
78,85,2024-04-28 20:14:02.391184,373.49,Credit Card,Completed
79,86,2024-04-09 23:56:53.620472,595.64,PayPal,Pending
80,87,2024-03-13 09:01:02.221835,210.67,Bank Transfer,Pending
81,88,2024-10-31 10:46:14.584677,655.27,PayPal,Pending
82,89,2024-05-04 13:49:42.960096,202.52999999999997,Bank Transfer,Completed
83,90,2024-11-30 02:32:30.950849,373.97,Credit Card,Pending
84,91,2024-09-28 06:13:45.809123,744.21,Credit Card,Completed
85,92,2024-05-06 03:14:17.188966,707.83,Credit Card,Pending
86,93,2024-05-14 12:24:25.221320,607.25,Credit Card,Pending
87,94,2024-11-27 23:10:31.069173,259.29,Bank Transfer,Pending
88,95,2024-10-12 17:45:04.888916,797.83,Bank Transfer,Pending
89,97,2024-09-20 23:24:57.020130,198.79,Credit Card,Completed
90,98,2024-09-04 12:15:58.392111,323.59,Credit Card,Pending
91,99,2024-05-30 15:04:05.137560,506.62,Bank Transfer,Pending
92,100,2024-08-10 17:24:53.848120,353.18,Bank Transfer,Pending
93,101,2024-03-16 21:44:28.232726,489.84,PayPal,Pending
94,102,2024-07-06 12:57:37.755249,669.74,Credit Card,Pending
95,103,2024-01-04 08:06:02.596482,588.59,Credit Card,Pending
96,104,2024-02-11 15:49:13.265943,766.64,Credit Card,Pending
97,105,2024-10-01 20:20:16.260204,308.09,PayPal,Pending
98,106,2024-05-21 19:53:30.312586,469.95000000000005,Credit Card,Completed
99,107,2024-03-15 10:09:37.463771,791.31,Bank Transfer,Pending
100,108,2024-02-06 15:05:52.225185,975.71,Credit Card,Pending
101,109,2024-05-10 11:14:39.300341,178.17,PayPal,Pending
102,110,2024-02-25 17:13:24.598578,981.74,Bank Transfer,Pending
103,111,2024-09-26 19:14:42.518982,271.26,Credit Card,Completed
104,112,2024-10-10 21:41:26.551359,931.24,PayPal,Pending
105,113,2024-08-19 02:03:26.246823,240.42,Credit Card,Pending
106,114,2024-09-04 01:51:13.009907,618.18,PayPal,Pending
107,115,2024-05-07 14:19:09.242010,519.75,Bank Transfer,Completed
108,116,2024-08-10 08:54:50.096308,744.74,Bank Transfer,Pending
109,117,2024-05-15 16:09:54.178580,534.37,Credit Card,Pending
110,118,2024-01-25 21:54:49.835983,233.76,Bank Transfer,Pending
111,119,2024-05-30 02:52:41.923834,325.69,PayPal,Pending
112,120,2024-05-18 00:08:57.214881,545.73,Bank Transfer,Completed
113,121,2024-02-17 15:25:20.857889,862.16,Credit Card,Pending
114,123,2024-02-27 02:17:32.711208,368.94,PayPal,Pending
115,124,2024-08-12 18:26:02.961822,278.35,Credit Card,Pending
116,125,2024-07-19 21:03:07.746035,643.87,Credit Card,Pending
117,126,2024-09-24 08:26:12.810531,579.03,Credit Card,Pending
118,127,2024-05-20 14:04:46.816363,406.29,Bank Transfer,Pending
119,130,2024-09-20 19:19:09.802164,539.41,PayPal,Pending
120,131,2024-04-17 21:29:46.651033,458.84,Bank Transfer,Completed
121,132,2024-11-30 05:58:48.244874,370.58,Credit Card,Pending
122,133,2024-06-28 21:22:30.022602,122.3,Credit Card,Completed
123,135,2024-04-19 04:29:24.086699,132.86,Bank Transfer,Completed
124,136,2024-01-07 05:04:18.233834,267.87,PayPal,Pending
125,137,2024-05-20 09:24:32.393411,447.4100000000001,Bank Transfer,Completed
126,138,2024-10-12 00:30:31.479990,928.87,Bank Transfer,Pending
127,139,2024-09-16 11:50:23.616036,194.66,Credit Card,Completed
128,140,2024-02-17 05:22:35.702643,373.96999999999997,Bank Transfer,Completed
129,141,2024-03-14 02:46:28.636957,508.75,PayPal,Pending
130,142,2024-06-13 23:42:55.600900,717.55,Credit Card,Pending
131,143,2024-06-16 02:27:00.694947,515.57,Credit Card,Pending
132,144,2024-06-26 02:54:56.787946,282.8,Credit Card,Pending
133,145,2024-04-23 09:54:57.234631,441.98,PayPal,Pending
134,146,2024-01-03 01:08:13.095567,558.94,Credit Card,Pending
135,148,2024-04-09 20:37:09.026947,894.76,Credit Card,Pending
136,149,2024-02-12 17:56:57.890962,987.11,Bank Transfer,Pending
137,150,2024-01-16 14:39:59.079463,463.92,Bank Transfer,Pending
138,151,2024-11-27 00:27:53.882614,264.64,PayPal,Completed
139,152,2024-08-08 06:23:10.124220,616.09,PayPal,Pending
140,153,2024-04-09 10:08:12.645146,941.88,PayPal,Pending
141,154,2024-12-01 10:05:35.834831,563.98,Bank Transfer,Pending
142,155,2024-06-15 16:45:08.566803,899.34,Bank Transfer,Pending
143,157,2024-06-29 11:52:23.682298,906.27,PayPal,Pending
144,158,2024-01-24 04:02:08.806844,537.05,Bank Transfer,Pending
145,159,2024-07-03 21:39:08.277398,220.32,Credit Card,Pending
146,160,2024-10-31 08:04:45.049602,185.32,PayPal,Completed
147,161,2024-11-01 14:32:58.949846,350.24,Bank Transfer,Pending
148,162,2024-03-14 21:18:27.795203,321.7,Bank Transfer,Pending
149,163,2024-03-19 13:54:37.896522,109.02,Credit Card,Pending
150,164,2024-10-03 13:28:20.376477,647.22,PayPal,Pending
151,165,2024-01-04 09:09:37.379662,123.22,PayPal,Completed
152,166,2024-07-30 21:17:20.739085,798.64,Bank Transfer,Pending
153,167,2024-05-28 09:50:58.947060,393.79,Bank Transfer,Pending
154,168,2024-10-02 19:29:55.876612,642.5,PayPal,Pending
155,169,2024-03-26 04:37:12.469980,691.86,PayPal,Pending
156,171,2024-01-18 13:11:50.500388,203.2,PayPal,Pending
157,172,2024-04-01 11:13:38.056051,656.87,Credit Card,Completed
158,173,2024-01-21 12:53:14.791231,460.11,Credit Card,Pending
159,176,2024-03-06 00:59:33.618573,407.62,PayPal,Completed
160,177,2024-08-30 06:31:26.789177,783.84,Bank Transfer,Pending
161,178,2024-06-30 20:02:33.661422,837.38,PayPal,Pending
162,179,2024-02-01 14:53:45.229405,700.71,PayPal,Pending
163,181,2024-03-14 15:39:30.715224,973.99,Credit Card,Pending
164,182,2024-12-01 18:57:17.555262,859.87,PayPal,Pending
165,183,2024-01-30 03:16:21.996727,187.38,Bank Transfer,Completed
166,184,2024-10-05 11:17:39.598067,960.8,Credit Card,Pending
167,185,2024-05-16 19:00:12.040683,329.93,Bank Transfer,Completed
168,186,2024-11-06 16:32:38.270382,263.86,PayPal,Pending
169,187,2024-11-28 13:13:21.858897,686.5,Credit Card,Pending
170,188,2024-06-29 11:32:03.947655,628.87,Credit Card,Pending
171,189,2024-04-06 03:01:35.344114,800.3,Credit Card,Pending
172,190,2024-01-16 15:58:30.136838,956.22,PayPal,Pending
173,191,2024-08-12 19:10:47.711661,622.77,Bank Transfer,Pending
174,192,2024-02-11 15:33:14.453470,397.3299999999999,Credit Card,Completed
175,194,2024-10-15 22:54:21.264462,152.88,Credit Card,Completed
176,195,2024-08-02 06:31:26.416262,335.15,Credit Card,Pending
177,196,2024-12-01 00:14:16.305998,850.28,Bank Transfer,Pending
178,197,2024-05-04 10:21:46.758161,761.39,Credit Card,Pending
179,198,2024-09-22 02:23:18.908550,416.17,Bank Transfer,Pending
180,199,2024-08-22 15:46:37.605576,447.02,PayPal,Pending
181,201,2024-09-09 10:45:19.220214,309.81,Credit Card,Completed
182,202,2024-11-28 02:51:46.557414,764.38,Bank Transfer,Pending
183,203,2024-04-27 10:10:04.555174,760.57,PayPal,Pending
184,204,2024-02-02 15:44:33.180695,760.43,PayPal,Pending
185,205,2024-08-13 06:25:14.520733,403.82,PayPal,Pending
186,206,2024-06-25 15:19:44.327151,378.57,Credit Card,Pending
187,207,2024-09-14 09:04:05.604693,128.43,Credit Card,Pending
188,208,2024-04-26 11:39:35.501059,237.63,Bank Transfer,Pending
189,209,2024-02-24 05:07:03.780420,521.69,Credit Card,Pending
190,210,2024-05-01 14:43:04.613972,480.43,Credit Card,Pending
191,211,2024-06-29 20:30:54.510113,160.91,PayPal,Pending
192,212,2024-01-01 02:01:16.812104,558.33,PayPal,Pending
193,214,2024-05-21 16:52:35.477201,691.37,Bank Transfer,Completed
194,215,2024-10-24 03:45:39.054823,712.13,Credit Card,Pending
195,217,2024-08-20 23:06:47.874003,249.81,Bank Transfer,Pending
196,218,2024-01-03 21:09:09.254703,836.31,Credit Card,Pending
197,219,2024-08-25 14:29:37.438857,707.04,Credit Card,Pending
198,220,2024-08-25 17:42:32.512386,368.66,Bank Transfer,Pending
199,221,2024-03-30 05:38:48.060876,637.45,Credit Card,Pending
200,224,2024-04-30 15:32:04.734696,593.43,Credit Card,Completed
201,225,2024-06-16 13:37:42.584805,545.91,PayPal,Pending
202,227,2024-06-03 20:33:28.830922,972.44,Credit Card,Pending
203,229,2024-04-12 11:12:08.395643,519.43,Credit Card,Pending
204,232,2024-11-07 16:10:07.905751,201.32,Bank Transfer,Pending
205,233,2024-09-15 03:04:33.115855,178.7,Credit Card,Pending
206,234,2024-02-07 10:47:23.531037,500.48,Credit Card,Pending
207,235,2024-11-19 04:08:55.291356,95.57,Credit Card,Completed
208,236,2024-08-30 23:38:19.774770,757.2,Bank Transfer,Pending
209,237,2024-11-27 08:01:29.319267,918.61,Bank Transfer,Pending
210,238,2024-09-16 11:35:04.943130,240.34,Bank Transfer,Completed
211,240,2024-04-06 02:44:12.356828,338.03999999999996,PayPal,Completed
212,241,2024-07-10 22:46:07.036008,127.83,Bank Transfer,Pending
213,242,2024-06-28 03:22:20.630965,374.55,Bank Transfer,Pending
214,243,2024-03-12 18:10:22.237507,589.88,Credit Card,Pending
215,244,2024-08-17 12:14:00.324953,471.48,Credit Card,Pending
216,245,2024-01-01 21:18:55.812154,257.44,Credit Card,Completed
217,246,2024-10-15 05:35:12.807349,376.3,Bank Transfer,Completed
218,247,2024-02-19 08:47:55.841582,738.64,Credit Card,Pending
219,248,2024-02-04 00:05:54.975708,645.42,Credit Card,Pending
220,250,2024-01-15 04:49:52.808660,90.54,PayPal,Completed
221,251,2024-09-13 05:04:41.147141,457.48,Credit Card,Pending
222,252,2024-08-04 01:52:15.855821,212.76,Bank Transfer,Pending
223,253,2024-05-03 03:47:33.658613,303.22,PayPal,Completed
224,254,2024-05-13 02:29:43.603158,816.96,PayPal,Pending
225,255,2024-08-31 12:37:37.084518,641.12,Bank Transfer,Pending
226,256,2024-08-15 10:40:36.465450,991.36,Credit Card,Pending
227,257,2024-01-27 13:16:48.993358,187.65,PayPal,Pending
228,258,2024-02-18 01:08:58.990346,828.9,Credit Card,Pending
229,259,2024-01-28 16:23:52.643641,715.33,PayPal,Pending
230,260,2024-02-16 18:24:08.062820,259.51,Bank Transfer,Pending
231,261,2024-11-16 20:03:55.770344,932.53,PayPal,Pending
232,262,2024-07-18 13:20:37.052941,223.57999999999998,Bank Transfer,Completed
233,263,2024-02-27 23:38:35.656921,619.09,Credit Card,Completed
234,264,2024-08-03 21:56:49.875400,318.15999999999997,PayPal,Completed
235,265,2024-06-05 20:11:43.220002,555.33,Bank Transfer,Pending
236,266,2024-03-01 02:42:39.682969,838.51,PayPal,Pending
237,267,2024-07-20 01:03:30.728655,932.24,Bank Transfer,Pending
238,268,2024-01-23 14:59:40.275522,465.76,Bank Transfer,Pending
239,269,2024-04-25 11:00:27.711340,528.34,Credit Card,Pending
240,270,2024-01-03 06:04:06.772098,540.0500000000001,Credit Card,Completed
241,271,2024-10-06 21:01:45.732773,241.23000000000002,PayPal,Completed
242,272,2024-05-06 05:16:07.856881,217.79,Credit Card,Pending
243,273,2024-10-22 15:31:09.111890,493.78,PayPal,Pending
244,274,2024-06-13 17:16:37.678169,492.7,Bank Transfer,Pending
245,275,2024-02-13 01:30:32.735905,860.78,Credit Card,Pending
246,276,2024-11-06 07:36:02.804068,209.19,Bank Transfer,Completed
247,277,2024-10-06 00:13:44.489105,418.43,PayPal,Completed
248,278,2024-10-14 04:50:59.014634,917.83,Credit Card,Pending
249,279,2024-03-03 04:01:06.855762,252.77999999999997,Credit Card,Completed
250,280,2024-03-18 19:31:45.869116,628.59,Bank Transfer,Pending
251,281,2024-01-26 21:36:21.371562,877.79,PayPal,Pending
252,282,2024-03-17 06:35:39.557862,198.28,Credit Card,Completed
253,283,2024-07-21 02:36:29.536085,400.86,Credit Card,Pending
254,284,2024-02-20 17:30:04.649544,406.34,Bank Transfer,Pending
255,285,2024-06-16 07:27:25.113499,342.4,PayPal,Pending
256,286,2024-08-07 07:49:46.494268,348.7,Credit Card,Pending
257,287,2024-02-07 15:06:17.155305,380.28,Bank Transfer,Pending
258,288,2024-05-01 10:01:41.599430,913.28,Bank Transfer,Pending
259,289,2024-04-25 00:28:10.317248,983.36,PayPal,Pending
260,290,2024-09-08 11:10:03.485984,428.33,Credit Card,Pending
261,291,2024-07-14 21:44:19.730163,499.61,PayPal,Pending
262,292,2024-05-29 06:26:44.757814,659.12,PayPal,Pending
263,294,2024-07-19 19:37:30.569445,577.91,Credit Card,Pending
264,295,2024-01-05 00:10:30.889225,272.09000000000003,Bank Transfer,Completed
265,296,2024-08-14 13:42:20.886587,483.67,Credit Card,Pending
266,297,2024-05-25 20:20:30.583965,551.41,Bank Transfer,Pending
267,298,2024-03-07 18:20:55.995808,881.42,Credit Card,Pending
268,299,2024-03-11 17:56:23.180965,164.83,Bank Transfer,Pending
269,300,2024-02-16 04:56:41.667819,540.61,PayPal,Completed
270,301,2024-08-01 13:55:03.389503,990.61,Credit Card,Pending
271,302,2024-07-17 10:30:13.587648,152.04,Credit Card,Pending
272,303,2024-06-25 11:58:05.477862,95.52,Bank Transfer,Completed
273,304,2024-08-13 14:54:11.327227,619.4,Credit Card,Completed
274,305,2024-04-22 10:40:24.446695,254.99,PayPal,Pending
275,306,2024-01-20 22:26:52.481543,116.98,PayPal,Completed
276,308,2024-03-16 23:48:11.729792,263.55,Bank Transfer,Pending
277,309,2024-08-19 02:00:25.369616,869.62,Credit Card,Pending
278,312,2024-09-10 12:53:11.026981,429.61,Credit Card,Pending
279,313,2024-04-04 20:01:00.891308,526.72,PayPal,Pending
280,314,2024-05-10 10:06:38.236953,517.69,Bank Transfer,Pending
281,315,2024-04-14 21:58:48.856342,731.5,PayPal,Pending
282,316,2024-07-01 18:11:44.570844,242.7,Bank Transfer,Pending
283,317,2024-08-21 13:13:47.899759,811.21,PayPal,Pending
284,318,2024-04-11 06:28:09.143516,507.55999999999995,Credit Card,Completed
285,319,2024-07-30 11:06:02.805061,281.06,Credit Card,Completed
286,320,2024-02-03 17:33:08.554984,586.5,Bank Transfer,Completed
287,321,2024-10-21 22:42:27.090150,423.14,PayPal,Completed
288,322,2024-11-07 13:51:39.587391,416.01,Bank Transfer,Pending
289,323,2024-03-17 08:55:47.920265,914.8,Bank Transfer,Pending
290,324,2024-09-30 09:29:52.620500,361.6,Credit Card,Completed
291,326,2024-09-10 22:16:10.833253,296.9,Credit Card,Pending
292,327,2024-03-29 01:49:28.633456,687.09,Credit Card,Pending
293,328,2024-08-16 12:43:45.248312,142.14,PayPal,Pending
294,329,2024-09-17 05:42:56.486207,949.21,PayPal,Pending
295,330,2024-01-16 11:28:23.108845,177.86,PayPal,Pending
296,331,2024-02-23 16:53:51.794488,764.93,PayPal,Pending
297,332,2024-03-10 21:53:05.819738,563.04,Bank Transfer,Pending
298,333,2024-07-15 07:06:09.908546,762.6,Credit Card,Pending
299,334,2024-09-28 05:37:09.459187,434.47,Credit Card,Pending
300,335,2024-02-19 01:14:00.115439,365.48,Bank Transfer,Pending
301,336,2024-06-05 14:37:44.170919,477.78999999999996,Bank Transfer,Completed
302,337,2024-05-15 23:55:29.694870,590.74,Bank Transfer,Pending
303,338,2024-03-07 19:26:49.440057,216.72,PayPal,Pending
304,339,2024-06-21 18:39:32.829770,589.17,PayPal,Pending
305,340,2024-09-17 03:22:37.724164,440.7,Bank Transfer,Pending
306,341,2024-09-17 08:43:57.049015,946.97,Bank Transfer,Pending
307,342,2024-01-17 21:17:33.038865,705.18,Bank Transfer,Pending
308,343,2024-08-17 09:17:47.120937,458.87,Bank Transfer,Pending
309,344,2024-08-15 20:15:30.283687,126.28,PayPal,Pending
310,345,2024-08-10 16:20:28.901863,433.03,PayPal,Pending
311,346,2024-11-17 16:39:43.222187,779.93,Bank Transfer,Pending
312,347,2024-11-24 22:32:06.138381,886.27,Credit Card,Pending
313,348,2024-10-28 01:56:40.351176,786.74,Bank Transfer,Completed
314,349,2024-08-07 13:22:21.060679,380.27,PayPal,Completed
315,350,2024-01-18 17:54:20.040127,149.89,Bank Transfer,Pending
316,352,2024-04-22 04:18:09.856097,932.34,PayPal,Pending
317,353,2024-06-08 15:09:19.552582,223.77,PayPal,Completed
318,354,2024-08-15 07:49:17.613792,119.59,Bank Transfer,Pending
319,356,2024-09-03 15:10:22.114659,964.95,Bank Transfer,Pending
320,357,2024-03-02 19:46:08.189173,740.73,Credit Card,Pending
321,358,2024-05-09 12:37:25.180116,205.43,Credit Card,Pending
322,359,2024-10-25 01:59:57.757043,925.46,Credit Card,Pending
323,360,2024-04-29 13:06:29.884907,501.66,PayPal,Pending
324,361,2024-08-22 11:01:16.229354,656.8600000000001,Bank Transfer,Completed
325,362,2024-03-23 08:51:34.103036,548.3199999999999,Credit Card,Completed
326,363,2024-10-07 06:59:55.972852,613.53,PayPal,Pending
327,364,2024-09-03 04:44:52.581764,197.53,Bank Transfer,Completed
328,365,2024-05-22 18:38:06.674077,150.57,Credit Card,Completed
329,366,2024-04-25 15:18:10.199402,197.10000000000002,PayPal,Completed
330,367,2024-01-21 09:14:32.278718,570.53,PayPal,Pending
331,368,2024-05-01 12:34:00.098471,323.16,Credit Card,Completed
332,369,2024-01-04 02:04:18.134379,87.53,Credit Card,Completed
333,370,2024-04-23 07:44:06.551408,692.46,PayPal,Pending
334,371,2024-06-23 08:03:44.749152,518.89,PayPal,Pending
335,372,2024-04-11 10:04:50.810071,389.24,Credit Card,Completed
336,373,2024-09-03 16:46:56.835103,670.88,Credit Card,Pending
337,374,2024-10-28 08:28:14.445854,503.26,Credit Card,Pending
338,375,2024-03-22 00:37:12.169393,353.5,Bank Transfer,Pending
339,376,2024-09-07 04:51:17.525350,996.71,Credit Card,Pending
340,377,2024-04-19 00:03:35.698160,631.94,Bank Transfer,Pending
341,379,2024-04-03 22:24:04.018741,625.79,Credit Card,Pending
342,380,2024-05-27 15:11:13.056193,247.52,Credit Card,Pending
343,381,2024-03-05 14:17:41.493260,640.83,PayPal,Pending
344,382,2024-05-07 23:58:19.291978,193.63,Bank Transfer,Pending
345,383,2024-01-16 09:26:01.374215,824.81,PayPal,Pending
346,384,2024-11-14 11:07:48.539815,332.03,PayPal,Completed
347,385,2024-03-12 05:38:16.683740,321.06,Bank Transfer,Pending
348,386,2024-05-31 08:15:56.512121,635.5,PayPal,Pending
349,387,2024-03-16 01:40:07.681591,751.5,Bank Transfer,Pending
350,388,2024-02-06 06:10:11.302093,592.6,Bank Transfer,Completed
351,389,2024-06-19 14:41:14.712438,453.56,Credit Card,Pending
352,390,2024-01-22 19:17:44.319895,655.6,Credit Card,Pending
353,391,2024-02-07 06:08:41.367019,530.1,Bank Transfer,Pending
354,392,2024-03-09 22:18:04.486608,882.55,PayPal,Pending
355,393,2024-04-03 10:16:44.498106,877.37,Credit Card,Pending
356,394,2024-04-08 17:16:38.656576,216.67,PayPal,Pending
357,395,2024-09-24 23:20:26.523420,508.76,PayPal,Pending
358,396,2024-06-28 19:35:39.284988,507.86,Bank Transfer,Pending
359,397,2024-10-15 09:53:37.350472,242.7,Bank Transfer,Pending
360,399,2024-07-07 08:04:59.009173,336.22,Credit Card,Pending
361,401,2024-03-20 08:16:08.193732,235.49,Credit Card,Pending
362,403,2024-03-04 04:28:32.456964,979.13,Bank Transfer,Pending
363,404,2024-11-15 02:31:05.045304,178.04,Bank Transfer,Pending
364,405,2024-10-31 13:03:51.381867,944.86,PayPal,Pending
365,406,2024-05-04 02:08:01.165997,897.89,PayPal,Pending
366,407,2024-08-07 08:00:55.684629,131.08,Bank Transfer,Pending
367,408,2024-02-26 17:31:44.053583,250.64,Credit Card,Pending
368,409,2024-10-12 07:02:26.344703,321.72,Credit Card,Pending
369,411,2024-04-16 14:16:29.265595,274.47,PayPal,Pending
370,413,2024-10-28 03:12:54.318597,164.74,Credit Card,Completed
371,414,2024-08-07 18:37:25.072879,182.65,PayPal,Completed
372,416,2024-07-02 23:10:11.142197,128.54,Bank Transfer,Pending
373,417,2024-11-03 11:11:25.591880,366.14,Bank Transfer,Pending
374,418,2024-01-24 18:14:01.849160,856.98,Credit Card,Pending
375,419,2024-11-05 04:06:53.466365,727.45,PayPal,Pending
376,420,2024-09-17 19:16:58.456281,652.05,PayPal,Pending
377,421,2024-07-23 21:47:52.884568,716.54,PayPal,Pending
378,422,2024-09-07 20:09:48.683190,58.52,PayPal,Completed
379,423,2024-11-09 15:58:36.148096,980.01,Credit Card,Pending
380,425,2024-11-24 17:56:02.387729,817.48,Credit Card,Pending
381,426,2024-06-15 10:26:18.486806,158.13,Credit Card,Pending
382,427,2024-03-23 16:08:31.205711,830.79,Bank Transfer,Pending
383,428,2024-08-20 04:44:06.547548,117.46,Credit Card,Pending
384,430,2024-05-26 22:59:44.590993,436.29,Credit Card,Pending
385,431,2024-07-14 19:43:34.784868,662.96,Credit Card,Pending
386,432,2024-03-23 16:44:43.216284,177.81,Bank Transfer,Pending
387,433,2024-03-12 04:30:09.482777,516.81,Credit Card,Pending
388,434,2024-03-24 08:19:54.420839,610.26,PayPal,Pending
389,435,2024-11-12 03:28:36.555806,732.2,PayPal,Pending
390,436,2024-11-02 06:02:23.889826,395.12,PayPal,Completed
391,437,2024-04-06 17:10:10.009619,355.52,Credit Card,Pending
392,438,2024-09-09 12:35:02.196885,236.71,Credit Card,Pending
393,439,2024-02-16 03:29:23.830072,601.65,Bank Transfer,Pending
394,440,2024-10-27 03:21:31.650073,355.21,PayPal,Pending
395,441,2024-11-01 06:33:07.662976,332.56,PayPal,Pending
396,442,2024-09-19 14:10:30.004304,134.27,Bank Transfer,Pending
397,443,2024-02-03 14:16:49.220399,421.38,PayPal,Pending
398,444,2024-08-23 22:08:12.420156,908.64,PayPal,Pending
399,445,2024-03-20 23:48:23.115131,198.62,Credit Card,Pending
400,446,2024-05-28 04:54:53.249847,548.71,Credit Card,Pending
401,447,2024-11-29 22:04:56.670050,775.26,PayPal,Pending
402,449,2024-10-03 01:12:09.718081,701.12,Bank Transfer,Pending
403,450,2024-09-25 03:15:09.572084,932.6,Bank Transfer,Pending
404,451,2024-05-05 20:56:28.010767,146.71,PayPal,Pending
405,452,2024-01-27 23:42:37.196945,243.96,Bank Transfer,Pending
406,453,2024-09-11 11:43:26.361779,803.7,Credit Card,Pending
407,454,2024-06-07 20:42:27.679236,239.12,PayPal,Pending
408,455,2024-01-26 11:10:13.010494,242.51,Bank Transfer,Completed
409,456,2024-07-09 00:26:23.813040,985.19,Credit Card,Pending
410,457,2024-11-04 11:33:05.805337,329.21,Credit Card,Pending
411,458,2024-09-14 03:05:16.180980,221.6,Bank Transfer,Pending
412,459,2024-08-14 01:01:04.284358,448.9,Bank Transfer,Pending
413,462,2024-04-10 22:37:17.271091,304.84,Bank Transfer,Pending
414,463,2024-02-04 08:48:26.076961,716.6199999999999,PayPal,Completed
415,466,2024-04-26 02:23:21.926907,819.51,PayPal,Pending
416,467,2024-01-05 17:31:34.686747,141.12,Bank Transfer,Completed
417,468,2024-08-15 00:02:06.659401,882.38,Bank Transfer,Pending
418,469,2024-03-24 10:18:53.264253,835.77,Credit Card,Pending
419,470,2024-02-09 00:16:32.866610,433.35,PayPal,Completed
420,471,2024-11-22 01:37:14.709934,530.85,PayPal,Pending
421,472,2024-01-05 09:25:50.011780,394.94,Bank Transfer,Pending
422,476,2024-06-07 19:51:20.004614,767.99,Credit Card,Pending
423,477,2024-06-14 01:12:35.196969,591.38,PayPal,Pending
424,478,2024-01-16 17:38:17.734339,295.22,Bank Transfer,Pending
425,479,2024-05-17 10:34:19.242002,813.89,PayPal,Pending
426,480,2024-04-27 18:15:31.838976,705.62,Bank Transfer,Completed
427,481,2024-03-14 14:53:35.628154,868.42,PayPal,Pending
428,482,2024-02-16 22:13:23.490756,951.72,Bank Transfer,Pending
429,483,2024-04-05 14:51:26.219530,758.85,PayPal,Pending
430,484,2024-03-15 00:33:06.263905,691.62,Credit Card,Completed
431,487,2024-01-15 04:39:32.393029,122.04,Bank Transfer,Pending
432,488,2024-10-18 05:24:01.197753,236.73999999999998,PayPal,Completed
433,489,2024-02-13 11:09:02.528520,932.79,Bank Transfer,Pending
434,491,2024-10-06 00:12:22.016429,170.97,Credit Card,Completed
435,492,2024-09-27 06:43:32.737376,184.27,Bank Transfer,Pending
436,493,2024-09-03 02:53:58.833318,484.32,Credit Card,Pending
437,494,2024-03-29 02:22:27.215891,208.56,Credit Card,Pending
438,495,2024-01-19 00:50:49.074874,110.08,Credit Card,Pending
439,496,2024-09-08 18:12:47.278748,682.83,PayPal,Pending
440,497,2024-03-01 12:47:21.222338,352.42,Credit Card,Pending
441,499,2024-11-26 18:11:15.489060,543.53,PayPal,Completed
442,500,2024-04-28 08:44:04.494001,328.28,Credit Card,Pending
443,501,2024-03-06 06:11:52.612109,292.76,PayPal,Pending
444,502,2024-03-30 18:18:37.825067,768.06,Credit Card,Completed
445,503,2024-09-25 02:52:40.178569,103.28,Bank Transfer,Pending
446,504,2024-06-23 11:09:05.821376,634.97,PayPal,Pending
447,505,2024-02-12 12:42:14.960050,392.7,Bank Transfer,Pending
448,506,2024-04-30 05:31:46.409537,476.31,Credit Card,Pending
449,508,2024-10-23 20:11:23.998039,310.89,PayPal,Pending
450,509,2024-09-16 11:01:06.919782,540.65,PayPal,Pending
451,510,2024-02-07 21:59:10.892978,877.22,PayPal,Pending
452,512,2024-06-17 23:10:38.293444,847.88,Credit Card,Pending
453,513,2024-02-02 02:37:59.371861,395.67,Credit Card,Completed
454,514,2024-02-20 04:16:13.819367,297.51,PayPal,Pending
455,515,2024-10-30 20:56:23.543535,918.66,Bank Transfer,Pending
456,516,2024-07-23 14:24:14.350707,572.12,Bank Transfer,Pending
457,517,2024-08-30 05:50:21.986322,182.62,Bank Transfer,Completed
458,518,2024-06-15 15:32:09.058577,620.4200000000001,Bank Transfer,Completed
459,519,2024-12-01 09:56:50.539107,368.53000000000003,PayPal,Completed
460,520,2024-09-30 13:38:29.526024,473.28,Credit Card,Pending
461,521,2024-04-25 18:16:28.995250,379.99,Credit Card,Completed
462,522,2024-06-10 21:25:16.374968,701.82,Bank Transfer,Pending
463,523,2024-11-25 23:28:45.176801,800.81,PayPal,Pending
464,524,2024-07-18 00:13:10.807665,300.8,PayPal,Pending
465,525,2024-09-13 23:54:08.910710,709.14,Credit Card,Pending
466,526,2024-06-16 10:49:26.159773,615.97,Bank Transfer,Pending
467,527,2024-02-11 09:56:20.212569,314.21,Bank Transfer,Pending
468,528,2024-03-27 11:48:44.759424,405.82,Bank Transfer,Pending
469,529,2024-09-22 08:26:25.288982,942.16,PayPal,Pending
470,531,2024-11-28 04:37:46.926716,568.03,Credit Card,Pending
471,532,2024-06-24 03:43:23.868321,211.06,Bank Transfer,Pending
472,533,2024-01-07 04:21:17.147834,484.15,PayPal,Pending
473,534,2024-08-13 00:56:54.478830,227.64,Credit Card,Pending
474,535,2024-05-01 04:29:44.214864,630.06,Bank Transfer,Pending
475,536,2024-02-04 01:14:35.123611,568.11,PayPal,Pending
476,537,2024-01-25 12:02:32.333432,436.32,Credit Card,Pending
477,539,2024-10-15 11:14:05.211944,574.33,Bank Transfer,Pending
478,540,2024-06-24 04:25:32.339490,502.71,PayPal,Pending
479,541,2024-09-05 12:11:02.548808,701.42,PayPal,Pending
480,542,2024-11-24 01:54:48.159129,739.55,PayPal,Pending
481,543,2024-10-03 03:47:20.041875,720.22,Credit Card,Pending
482,544,2024-07-04 13:39:10.530492,106.74,PayPal,Completed
483,545,2024-11-16 13:38:54.732456,263.93,PayPal,Pending
484,546,2024-08-30 14:28:47.259332,657.75,PayPal,Pending
485,547,2024-07-14 04:59:48.308688,301.38,PayPal,Completed
486,548,2024-06-26 03:41:56.128654,779.52,Bank Transfer,Pending
487,549,2024-08-10 21:10:15.438484,268.22,PayPal,Pending
488,550,2024-03-11 17:00:03.293993,198.17,Bank Transfer,Pending
489,551,2024-09-06 18:29:24.445307,256.98,Credit Card,Pending
490,552,2024-10-16 16:03:51.071684,757.54,Credit Card,Pending
491,553,2024-09-24 23:21:20.821705,449.9,Credit Card,Completed
492,554,2024-07-23 20:26:20.882785,535.84,Credit Card,Pending
493,555,2024-05-15 20:26:25.492520,577.21,PayPal,Pending
494,556,2024-06-23 23:21:20.072221,854.32,Credit Card,Pending
495,557,2024-04-17 23:18:32.364538,173.01,PayPal,Pending
496,558,2024-07-13 02:17:32.993633,664.33,PayPal,Pending
497,559,2024-04-15 01:36:59.798483,439.32,Bank Transfer,Pending
498,560,2024-08-27 00:58:30.984072,438.8,PayPal,Pending
499,561,2024-03-09 04:31:51.878310,105.62,Credit Card,Pending
500,562,2024-06-24 12:48:09.121255,938.46,Credit Card,Pending
501,563,2024-06-04 10:20:23.756303,816.76,Credit Card,Pending
502,564,2024-05-13 07:27:33.083194,754.72,Bank Transfer,Pending
503,565,2024-09-18 17:19:32.113960,950.75,Credit Card,Pending
504,566,2024-06-07 03:03:24.565895,244.45,Credit Card,Pending
505,567,2024-08-29 01:47:06.060791,746.27,Bank Transfer,Pending
506,568,2024-05-11 08:55:18.408767,718.85,PayPal,Pending
507,569,2024-06-24 06:08:16.402300,114.33,Bank Transfer,Pending
508,570,2024-04-01 00:59:08.429502,574.86,PayPal,Completed
509,571,2024-11-23 18:51:24.675418,534.51,Bank Transfer,Pending
510,572,2024-05-15 22:53:28.971748,173.43,Bank Transfer,Completed
511,573,2024-02-22 04:10:42.730214,212.82,Bank Transfer,Pending
512,575,2024-03-09 10:32:39.089436,497.94,PayPal,Pending
513,576,2024-08-21 12:05:56.744446,821.25,Bank Transfer,Pending
514,577,2024-09-30 07:40:26.890154,206.51,Credit Card,Pending
515,578,2024-09-30 05:32:39.361701,531.38,Bank Transfer,Pending
516,579,2024-09-12 18:26:51.185173,644.61,PayPal,Pending
517,580,2024-01-04 10:36:48.177060,250.26,PayPal,Pending
518,581,2024-08-09 04:47:25.509288,384.48,Bank Transfer,Pending
519,582,2024-03-15 03:56:18.356570,538.68,Credit Card,Pending
520,583,2024-05-11 23:52:41.653821,485.46,Credit Card,Pending
521,584,2024-08-13 19:28:53.342515,340.37,PayPal,Pending
522,585,2024-01-28 15:20:44.153855,467.64,Credit Card,Pending
523,586,2024-07-28 00:34:58.263659,545.5799999999999,Credit Card,Completed
524,587,2024-10-02 02:33:59.519032,135.83,Bank Transfer,Completed
525,588,2024-11-29 07:12:10.945435,723.01,Bank Transfer,Pending
526,589,2024-08-24 03:46:02.939100,157.3,PayPal,Pending
527,590,2024-01-28 05:18:19.047236,624.24,PayPal,Pending
528,591,2024-11-06 02:23:03.277348,143.14,Credit Card,Pending
529,592,2024-05-08 01:08:50.493783,168.65,Bank Transfer,Pending
530,593,2024-10-11 13:23:45.566311,582.25,Credit Card,Pending
531,594,2024-05-13 20:55:38.520368,255.3,Bank Transfer,Pending
532,595,2024-06-15 15:31:05.205894,236.3,Credit Card,Pending
533,596,2024-10-11 02:38:02.967716,330.16,Bank Transfer,Pending
534,597,2024-11-05 00:46:33.785370,187.24,Credit Card,Completed
535,598,2024-10-12 16:51:28.762605,785.13,Credit Card,Pending
536,599,2024-07-19 01:56:22.857899,916.85,Bank Transfer,Pending
537,600,2024-08-21 10:58:04.210827,206.04,Bank Transfer,Pending
538,601,2024-02-20 13:08:03.563471,227.37,Bank Transfer,Pending
539,602,2024-02-04 15:38:23.269461,224.41,Bank Transfer,Pending
540,603,2024-06-22 18:08:49.048765,609.23,Credit Card,Completed
541,604,2024-01-27 01:24:52.698618,743.92,Credit Card,Pending
542,605,2024-11-03 06:44:39.393522,509.72,PayPal,Pending
543,606,2024-05-16 06:09:18.967607,773.47,PayPal,Pending
544,607,2024-07-19 00:55:45.235516,482.28,Credit Card,Pending
545,608,2024-02-25 17:22:42.579594,488.0999999999999,Bank Transfer,Completed
546,609,2024-02-25 12:02:20.767478,467.65999999999997,Bank Transfer,Completed
547,610,2024-01-26 07:09:20.204994,459.93,Bank Transfer,Pending
548,611,2024-08-30 14:59:40.880503,141.65,Credit Card,Pending
549,612,2024-07-22 20:32:03.963914,199.79000000000002,Bank Transfer,Completed
550,613,2024-07-28 13:14:30.498378,134.1,Credit Card,Pending
551,614,2024-06-16 09:02:32.242604,570.02,PayPal,Pending
552,616,2024-11-01 11:25:44.229774,507.07,Credit Card,Pending
553,617,2024-09-16 00:27:22.503879,896.08,Bank Transfer,Pending
554,618,2024-10-07 06:48:33.657904,728.29,PayPal,Pending
555,619,2024-07-07 02:35:43.722261,225.20999999999998,PayPal,Completed
556,620,2024-05-31 18:40:56.913628,402.75,Bank Transfer,Completed
557,621,2024-03-12 12:06:03.947814,135.41,Bank Transfer,Pending
558,622,2024-06-08 21:33:34.863248,620.37,Bank Transfer,Pending
559,623,2024-09-10 17:56:14.604427,620.9,Credit Card,Completed
560,624,2024-09-27 17:11:47.462255,280.68,PayPal,Completed
561,625,2024-11-17 02:10:13.284477,665.76,Bank Transfer,Pending
562,626,2024-03-17 00:07:59.869862,746.89,Bank Transfer,Pending
563,627,2024-09-17 02:13:20.512022,395.55,PayPal,Pending
564,628,2024-07-10 15:13:35.556643,665.4,Bank Transfer,Pending
565,629,2024-11-02 16:58:42.446119,295.58,PayPal,Pending
566,630,2024-01-08 14:06:43.611528,904.2,PayPal,Pending
567,631,2024-02-28 07:01:37.312299,659.94,Bank Transfer,Pending
568,632,2024-10-23 13:12:46.353611,282.2,Credit Card,Completed
569,633,2024-10-02 21:58:22.800826,671.3,Credit Card,Pending
570,634,2024-10-11 17:20:21.573864,343.72,PayPal,Pending
571,635,2024-05-12 10:47:28.700785,411.5,Bank Transfer,Pending
572,636,2024-01-17 06:28:49.096874,164.2,Credit Card,Pending
573,637,2024-01-24 12:26:17.038406,631.88,PayPal,Completed
574,638,2024-11-19 17:54:17.867079,118.27,Bank Transfer,Pending
575,639,2024-03-12 03:57:19.916320,542.8399999999999,Credit Card,Completed
576,642,2024-03-31 07:15:25.807511,545.3,Bank Transfer,Pending
577,643,2024-11-22 19:38:28.125871,860.56,Credit Card,Pending
578,644,2024-11-27 04:49:33.304837,250.33,Bank Transfer,Pending
579,645,2024-01-18 14:02:11.014585,206.02,Bank Transfer,Pending
580,647,2024-11-08 09:37:41.455455,383.59,PayPal,Completed
581,648,2024-06-03 22:49:02.995951,409.77,PayPal,Completed
582,649,2024-09-03 09:59:24.744424,546.29,Credit Card,Pending
583,650,2024-08-25 05:45:21.244688,866.39,Credit Card,Pending
584,651,2024-02-22 09:32:42.318377,678.15,PayPal,Pending
585,652,2024-10-11 17:22:09.797448,388.37,PayPal,Pending
586,653,2024-01-01 19:27:05.622932,339.07,PayPal,Pending
587,654,2024-08-14 00:12:38.066525,993.09,Credit Card,Pending
588,655,2024-08-02 02:50:10.751629,642.58,Credit Card,Pending
589,656,2024-02-27 16:08:30.648538,498.68,PayPal,Pending
590,657,2024-05-04 14:56:41.711328,695.63,Credit Card,Pending
591,658,2024-06-30 18:44:09.562871,722.37,Credit Card,Pending
592,659,2024-05-08 20:44:07.962146,957.52,Bank Transfer,Pending
593,660,2024-10-16 02:43:12.366872,606.6,PayPal,Pending
594,661,2024-04-17 10:37:57.539557,457.66,Bank Transfer,Pending
595,662,2024-10-10 02:27:34.754056,380.98,Bank Transfer,Completed
596,663,2024-02-14 21:56:05.395717,743.55,PayPal,Pending
597,664,2024-06-09 17:54:52.352147,545.4499999999999,Credit Card,Completed
598,666,2024-03-05 16:13:58.176387,275.81,Bank Transfer,Completed
599,667,2024-09-13 23:49:06.441644,252.78,Credit Card,Pending
600,668,2024-06-21 18:05:48.614928,649.07,Bank Transfer,Pending
601,669,2024-06-05 19:55:00.459995,645.2299999999999,Bank Transfer,Completed
602,670,2024-08-11 15:43:35.494771,799.63,Bank Transfer,Pending
603,671,2024-07-15 11:06:35.493995,880.27,PayPal,Pending
604,672,2024-02-22 00:37:50.840322,324.09,PayPal,Pending
605,673,2024-01-29 10:11:36.580992,428.16,Credit Card,Pending
606,674,2024-05-16 05:19:50.540717,141.76,PayPal,Completed
607,675,2024-08-25 14:44:44.431569,899.8,PayPal,Pending
608,676,2024-02-12 11:09:57.211979,598.67,Credit Card,Pending
609,677,2024-08-14 13:08:16.214904,954.62,Bank Transfer,Pending
610,678,2024-07-02 21:53:33.700708,399.32,PayPal,Pending
611,679,2024-04-27 02:26:27.952342,912.31,Bank Transfer,Pending
612,680,2024-06-28 06:22:08.125705,137.32,Credit Card,Completed
613,681,2024-10-11 19:46:18.629885,511.33,Credit Card,Pending
614,682,2024-11-26 16:39:18.503492,888.05,PayPal,Pending
615,683,2024-05-14 06:55:21.144817,495.8,PayPal,Pending
616,684,2024-04-06 09:38:49.958565,481.97,PayPal,Pending
617,685,2024-12-02 01:38:48.666481,315.40999999999997,PayPal,Completed
618,686,2024-03-26 10:00:41.670522,187.46,Credit Card,Completed
619,687,2024-04-26 16:32:33.927919,187.43,Bank Transfer,Pending
620,688,2024-01-04 23:16:46.432658,146.58,Bank Transfer,Pending
621,689,2024-08-13 15:31:31.549548,763.58,Bank Transfer,Pending
622,690,2024-07-06 21:33:49.938161,444.53,PayPal,Pending
623,691,2024-11-13 09:34:05.135962,886.38,Bank Transfer,Pending
624,692,2024-04-19 21:24:55.654045,309.86,Bank Transfer,Pending
625,693,2024-10-17 07:41:13.720399,517.77,Credit Card,Pending
626,695,2024-06-07 12:14:19.178013,393.02,Credit Card,Pending
627,696,2024-08-01 20:58:49.783059,658.3299999999999,Bank Transfer,Completed
628,697,2024-01-29 13:04:35.299574,972.8,PayPal,Pending
629,698,2024-05-04 10:31:14.889475,792.89,Credit Card,Pending
630,699,2024-09-21 07:13:00.188936,100.1,PayPal,Pending
631,700,2024-02-14 20:50:28.990437,479.68,Bank Transfer,Pending
632,702,2024-03-30 06:43:48.994000,221.44,Credit Card,Pending
633,704,2024-01-04 19:43:11.635628,422.67999999999995,Credit Card,Completed
634,705,2024-01-24 17:58:21.398449,893.17,Bank Transfer,Pending
635,706,2024-06-07 10:08:13.449369,404.38,PayPal,Pending
636,707,2024-08-23 11:05:51.062322,385.08,Credit Card,Pending
637,708,2024-09-02 19:02:41.742860,141.26,Bank Transfer,Pending
638,709,2024-02-07 13:08:45.325985,331.47,Bank Transfer,Completed
639,710,2024-01-11 07:06:27.885605,332.58,Bank Transfer,Completed
640,711,2024-04-07 16:45:40.342935,997.85,Credit Card,Pending
641,712,2024-08-18 14:37:13.496802,700.76,PayPal,Pending
642,713,2024-03-27 10:47:19.186328,382.03,PayPal,Completed
643,714,2024-08-22 07:09:32.169652,305.44,Bank Transfer,Pending
644,715,2024-01-10 15:52:49.199511,878.83,PayPal,Pending
645,716,2024-07-15 07:15:31.163302,410.25,Bank Transfer,Pending
646,717,2024-10-29 00:18:45.871207,753.44,Credit Card,Completed
647,718,2024-05-17 20:25:42.921996,709.15,PayPal,Pending
648,719,2024-04-24 20:20:59.003362,467.68,PayPal,Pending
649,720,2024-11-23 02:50:53.723104,679.95,PayPal,Pending
650,721,2024-02-27 09:38:01.845227,487.78,PayPal,Pending
651,723,2024-01-21 03:32:29.040554,860.3,Bank Transfer,Pending
652,724,2024-06-28 00:34:39.847883,947.3,Bank Transfer,Pending
653,725,2024-08-29 20:35:03.285944,908.61,Credit Card,Pending
654,726,2024-01-04 10:33:40.234732,726.42,Credit Card,Pending
655,727,2024-07-03 03:24:23.545691,876.62,Bank Transfer,Pending
656,729,2024-10-05 18:13:43.202365,161.59,Bank Transfer,Pending
657,730,2024-06-26 23:59:12.350805,953.36,Credit Card,Pending
658,731,2024-11-05 19:46:36.904967,573.0,Bank Transfer,Completed
659,732,2024-02-10 04:17:09.964994,302.35,Credit Card,Pending
660,733,2024-06-21 10:16:08.474395,545.14,PayPal,Pending
661,734,2024-04-16 11:10:54.583860,449.88,PayPal,Pending
662,735,2024-06-15 08:47:46.484396,429.29,PayPal,Pending
663,736,2024-01-11 07:18:06.234489,741.35,PayPal,Pending
664,737,2024-10-07 15:36:18.143022,448.44,Credit Card,Pending
665,738,2024-06-26 19:19:30.776154,619.96,Credit Card,Pending
666,739,2024-01-09 09:02:26.032736,949.23,Credit Card,Pending
667,740,2024-11-23 06:13:42.556415,119.08,Bank Transfer,Pending
668,741,2024-04-12 13:12:29.469202,112.04,PayPal,Pending
669,742,2024-08-16 02:14:48.061865,623.95,Credit Card,Pending
670,743,2024-07-11 22:55:28.733626,769.74,Credit Card,Pending
671,744,2024-12-01 03:06:58.621203,229.79,Bank Transfer,Pending
672,745,2024-04-19 11:54:58.088283,381.75,PayPal,Pending
673,746,2024-07-04 17:21:23.780437,248.71,PayPal,Pending
674,747,2024-02-10 21:33:23.625859,573.44,Bank Transfer,Pending
675,748,2024-01-13 01:32:57.944801,544.94,PayPal,Completed
676,750,2024-01-27 05:05:59.709624,656.49,Bank Transfer,Pending
677,751,2024-10-04 22:56:36.877752,248.46,Credit Card,Pending
678,752,2024-04-13 16:39:29.736153,949.18,Credit Card,Pending
679,753,2024-11-07 15:44:22.684908,972.06,Credit Card,Pending
680,754,2024-04-30 14:54:34.018096,302.64,Bank Transfer,Pending
681,755,2024-10-23 02:35:29.547328,867.6,PayPal,Pending
682,756,2024-03-01 12:49:39.599260,362.24,Credit Card,Pending
683,757,2024-02-08 21:39:36.010237,230.71,Credit Card,Pending
684,758,2024-07-19 19:39:32.716650,808.64,PayPal,Pending
685,760,2024-03-15 23:09:52.416754,270.13,Credit Card,Pending
686,761,2024-05-30 03:33:45.139394,372.54999999999995,PayPal,Completed
687,762,2024-10-06 20:47:03.835402,303.16,Bank Transfer,Pending
688,763,2024-08-01 02:16:05.764310,485.78,PayPal,Pending
689,764,2024-07-07 06:19:51.663215,681.11,Credit Card,Pending
690,765,2024-05-11 09:31:27.690690,615.64,Credit Card,Pending
691,766,2024-01-29 11:37:28.270433,113.71000000000001,PayPal,Completed
692,767,2024-01-31 02:06:45.755928,687.92,Bank Transfer,Pending
693,768,2024-02-07 23:53:21.177895,964.55,Credit Card,Pending
694,770,2024-04-15 12:30:01.721931,107.97,PayPal,Completed
695,771,2024-07-02 08:14:45.384056,138.22,Credit Card,Pending
696,772,2024-03-21 10:04:42.173580,604.12,Bank Transfer,Pending
697,773,2024-11-07 14:20:13.001272,565.77,Bank Transfer,Pending
698,774,2024-11-12 19:45:40.954329,304.07,PayPal,Pending
699,775,2024-09-17 21:52:56.721944,836.3,PayPal,Pending
700,776,2024-10-29 15:10:39.608243,490.25,PayPal,Pending
701,777,2024-06-03 11:38:55.809704,466.89000000000004,PayPal,Completed
702,778,2024-05-13 15:32:13.569197,362.6,Credit Card,Completed
703,779,2024-01-08 06:46:15.722570,434.1,Credit Card,Completed
704,780,2024-02-22 14:33:33.020056,648.38,PayPal,Pending
705,781,2024-08-14 08:06:53.043474,419.55,PayPal,Pending
706,782,2024-04-10 09:38:07.761805,132.44,PayPal,Completed
707,783,2024-11-13 03:09:04.825119,530.7800000000001,Credit Card,Completed
708,784,2024-04-01 00:47:06.438837,887.3,Bank Transfer,Pending
709,786,2024-02-03 06:43:43.116017,687.83,Bank Transfer,Pending
710,787,2024-08-01 00:52:57.599325,536.4,PayPal,Pending
711,788,2024-03-24 14:28:56.465138,404.26,Credit Card,Completed
712,789,2024-06-29 04:44:41.279322,587.6,PayPal,Pending
713,790,2024-03-10 03:09:18.537973,631.52,Credit Card,Completed
714,792,2024-05-09 20:21:03.149684,398.63,Credit Card,Pending
715,793,2024-11-25 13:00:33.540644,222.01,PayPal,Pending
716,794,2024-08-16 10:52:12.604671,670.68,PayPal,Pending
717,795,2024-02-13 23:11:07.134277,508.82000000000005,Credit Card,Completed
718,797,2024-04-16 15:04:07.257136,983.27,Bank Transfer,Pending
719,798,2024-01-07 02:08:13.744760,707.68,Credit Card,Pending
720,799,2024-05-23 15:06:35.226071,579.81,Bank Transfer,Pending
721,800,2024-10-08 14:23:34.833285,356.73,Bank Transfer,Completed
722,801,2024-03-29 05:03:21.018727,369.59,Bank Transfer,Pending
723,802,2024-06-24 05:40:05.114987,833.03,Bank Transfer,Pending
724,803,2024-07-08 07:18:02.199125,599.7,PayPal,Pending
725,804,2024-10-11 15:35:25.651497,371.95,PayPal,Pending
726,805,2024-10-29 18:53:56.977519,484.55,PayPal,Completed
727,806,2024-11-28 09:45:49.902044,435.14,PayPal,Pending
728,807,2024-07-02 00:14:30.230680,381.38,Credit Card,Completed
729,808,2024-11-19 05:02:03.397594,583.25,PayPal,Completed
730,809,2024-08-21 13:54:32.360804,481.04,Bank Transfer,Pending
731,810,2024-07-02 10:42:10.453654,239.21,Credit Card,Pending
732,811,2024-08-02 13:36:40.792834,395.86,Bank Transfer,Pending
733,812,2024-10-22 06:06:58.724914,479.54,Credit Card,Pending
734,813,2024-04-12 12:44:07.847656,877.71,Credit Card,Pending
735,814,2024-02-21 07:36:07.343939,286.0,Credit Card,Completed
736,815,2024-01-02 17:21:24.710776,163.89,Credit Card,Pending
737,816,2024-10-07 02:43:43.386398,918.76,PayPal,Pending
738,817,2024-09-05 09:53:38.697585,299.14,Credit Card,Completed
739,818,2024-10-13 07:03:59.037846,683.67,Credit Card,Pending
740,819,2024-04-06 15:49:03.116164,533.51,Bank Transfer,Pending
741,820,2024-08-20 20:42:17.357684,491.8,Bank Transfer,Completed
742,821,2024-07-27 17:01:30.489418,452.28,PayPal,Pending
743,823,2024-03-07 04:17:30.148947,237.44,Bank Transfer,Pending
744,824,2024-07-08 08:12:13.305173,900.25,Bank Transfer,Pending
745,825,2024-09-10 21:39:01.405568,110.03,PayPal,Completed
746,827,2024-02-29 21:44:57.726461,737.79,Credit Card,Pending
747,828,2024-07-20 17:17:33.589300,292.23,PayPal,Completed
748,829,2024-06-14 10:19:15.060449,682.27,Credit Card,Pending
749,830,2024-03-28 05:51:16.420769,206.13,Credit Card,Pending
750,831,2024-05-17 08:04:35.584148,153.78,PayPal,Pending
751,832,2024-05-27 06:10:19.077124,490.02,Bank Transfer,Pending
752,833,2024-06-05 22:51:27.038521,429.85,PayPal,Pending
753,834,2024-01-26 20:21:00.670023,145.16,PayPal,Pending
754,835,2024-10-25 13:57:30.768891,948.88,Credit Card,Pending
755,836,2024-01-13 22:03:45.247680,775.04,Credit Card,Pending
756,837,2024-04-05 21:29:54.969721,164.03,PayPal,Completed
757,838,2024-05-19 05:14:37.137762,131.44,Bank Transfer,Completed
758,839,2024-01-08 16:48:25.747085,708.78,Credit Card,Pending
759,840,2024-05-09 17:51:16.768694,707.46,PayPal,Pending
760,841,2024-01-29 15:11:27.927482,595.71,Bank Transfer,Pending
761,842,2024-01-19 22:28:28.289528,737.74,Credit Card,Pending
762,843,2024-11-12 00:54:46.711115,501.51,Bank Transfer,Pending
763,844,2024-05-26 07:54:46.847538,542.25,Credit Card,Completed
764,845,2024-01-15 15:09:21.405460,952.77,Bank Transfer,Pending
765,846,2024-07-07 00:03:14.898611,682.09,Bank Transfer,Completed
766,847,2024-03-12 16:58:07.867436,804.9,PayPal,Pending
767,849,2024-08-19 13:00:51.261047,208.19,PayPal,Pending
768,850,2024-02-11 15:22:12.680344,693.17,Bank Transfer,Pending
769,851,2024-09-22 15:25:09.085279,477.85,PayPal,Pending
770,852,2024-04-14 05:04:37.568910,734.57,PayPal,Pending
771,853,2024-11-12 13:38:43.377207,486.61,PayPal,Pending
772,854,2024-10-09 01:49:50.584558,147.55,PayPal,Pending
773,855,2024-04-15 01:52:26.622979,440.83,PayPal,Pending
774,856,2024-03-04 04:49:34.537523,346.45,PayPal,Pending
775,857,2024-10-26 03:40:23.535759,365.42,PayPal,Pending
776,858,2024-11-09 13:20:54.599456,310.19,Bank Transfer,Completed
777,859,2024-07-29 03:17:21.006891,183.65,Bank Transfer,Pending
778,860,2024-05-05 18:18:12.895138,255.48,Bank Transfer,Completed
779,861,2024-07-04 05:12:12.931123,539.33,Credit Card,Pending
780,862,2024-06-21 01:51:47.349405,838.26,Credit Card,Pending
781,863,2024-11-09 22:01:58.675665,171.18,PayPal,Pending
782,864,2024-10-05 10:59:26.110262,848.53,PayPal,Pending
783,865,2024-11-22 19:43:17.339399,951.82,Bank Transfer,Pending
784,866,2024-04-21 18:28:49.067237,495.69,Bank Transfer,Pending
785,867,2024-11-22 19:06:43.802653,576.57,PayPal,Pending
786,868,2024-05-28 08:05:46.808908,161.61,Credit Card,Completed
787,869,2024-03-08 23:53:05.702346,175.28,Credit Card,Completed
788,870,2024-04-13 06:29:44.587296,251.26,Bank Transfer,Pending
789,871,2024-11-17 06:30:40.654644,236.95,Credit Card,Pending
790,872,2024-07-16 12:19:13.771314,826.49,PayPal,Pending
791,874,2024-11-16 20:29:59.863560,760.41,Credit Card,Pending
792,876,2024-09-16 14:23:59.223416,359.75,Bank Transfer,Pending
793,877,2024-06-18 22:18:19.117205,420.9,PayPal,Pending
794,878,2024-08-30 05:45:05.563605,894.59,Bank Transfer,Pending
795,879,2024-03-12 21:30:29.278272,350.57,Bank Transfer,Pending
796,880,2024-04-11 18:08:31.991917,628.33,Bank Transfer,Pending
797,881,2024-09-05 13:16:12.121980,93.95,Credit Card,Completed
798,882,2024-07-07 06:19:50.226111,579.4,Credit Card,Pending
799,883,2024-08-14 16:09:41.285326,687.71,Credit Card,Pending
800,884,2024-06-03 18:12:31.559951,205.5,Credit Card,Pending
801,885,2024-02-15 15:50:45.531999,391.28,PayPal,Pending
802,886,2024-04-12 03:21:20.609738,492.88,Bank Transfer,Pending
803,887,2024-02-02 17:28:53.538892,871.21,Bank Transfer,Pending
804,888,2024-01-12 21:31:41.228443,264.1,PayPal,Completed
805,889,2024-09-12 15:54:11.661758,397.38,Credit Card,Pending
806,890,2024-02-02 23:22:34.058616,540.94,PayPal,Pending
807,891,2024-04-15 08:23:39.190814,173.61,PayPal,Completed
808,892,2024-04-02 03:24:27.398720,813.64,Bank Transfer,Pending
809,893,2024-05-31 05:10:37.834236,147.14,Bank Transfer,Pending
810,894,2024-06-15 04:57:02.812590,870.13,Bank Transfer,Pending
811,895,2024-06-20 07:18:01.531208,139.12,PayPal,Pending
812,896,2024-07-09 23:37:40.278604,373.62,Bank Transfer,Pending
813,897,2024-06-21 20:42:07.541397,959.35,Bank Transfer,Pending
814,898,2024-01-11 13:58:37.782553,942.71,Bank Transfer,Pending
815,899,2024-05-06 12:59:25.628798,427.88,Bank Transfer,Completed
816,900,2024-10-22 05:25:41.698779,441.22,Bank Transfer,Pending
817,901,2024-07-14 11:50:02.617245,162.31,Credit Card,Completed
818,902,2024-06-09 14:07:44.962604,666.69,Credit Card,Pending
819,903,2024-05-13 06:26:18.238949,194.84,Credit Card,Completed
820,904,2024-12-01 14:53:06.361402,692.3,Bank Transfer,Pending
821,905,2024-10-22 04:00:59.384217,547.83,PayPal,Pending
822,906,2024-03-20 13:28:14.035453,669.45,Bank Transfer,Pending
823,907,2024-04-14 14:39:17.040118,372.6,PayPal,Pending
824,908,2024-10-02 16:01:00.017173,249.64,Credit Card,Pending
825,909,2024-11-04 02:55:45.880790,738.63,Bank Transfer,Pending
826,910,2024-06-22 16:25:42.091594,348.86,Bank Transfer,Pending
827,911,2024-05-19 20:53:59.137836,920.82,Bank Transfer,Pending
828,912,2024-11-21 12:55:01.997728,124.66,PayPal,Completed
829,913,2024-11-29 06:47:22.648480,603.63,PayPal,Pending
830,914,2024-10-27 03:07:38.168065,481.06999999999994,Credit Card,Completed
831,915,2024-11-26 08:14:24.719887,421.7,Credit Card,Pending
832,916,2024-07-30 09:43:50.614747,536.67,Bank Transfer,Completed
833,917,2024-08-30 16:03:41.810289,900.47,Credit Card,Pending
834,918,2024-04-06 04:16:43.154252,979.06,PayPal,Pending
835,919,2024-08-01 19:29:40.270536,188.32,PayPal,Pending
836,920,2024-01-27 10:10:09.524256,873.56,Bank Transfer,Pending
837,921,2024-01-03 17:26:42.385184,186.53,Credit Card,Pending
838,922,2024-09-12 01:51:24.600765,519.79,Bank Transfer,Pending
839,923,2024-01-07 04:55:08.954042,473.77,PayPal,Completed
840,924,2024-01-01 18:36:05.723145,772.19,Bank Transfer,Pending
841,926,2024-04-04 03:55:27.009424,126.02,Credit Card,Pending
842,927,2024-05-03 14:52:43.721421,196.94,Bank Transfer,Pending
843,928,2024-04-04 11:09:23.885576,166.45,Bank Transfer,Pending
844,929,2024-01-25 12:12:03.767539,163.47,PayPal,Pending
845,930,2024-01-05 18:06:32.278573,853.13,Bank Transfer,Pending
846,931,2024-08-01 04:26:28.621125,303.13,PayPal,Pending
847,932,2024-04-12 01:50:54.733655,922.58,PayPal,Pending
848,933,2024-05-20 14:38:33.838315,798.24,PayPal,Pending
849,934,2024-11-19 09:06:32.610533,141.25,PayPal,Pending
850,935,2024-01-03 08:27:58.120951,761.59,Credit Card,Pending
851,936,2024-03-25 16:58:28.188910,261.31,PayPal,Completed
852,937,2024-10-24 22:44:44.760748,680.56,Credit Card,Completed
853,938,2024-02-07 01:11:12.643213,364.39,Credit Card,Pending
854,939,2024-04-27 10:16:26.389262,706.06,Credit Card,Pending
855,940,2024-02-01 23:04:03.379109,710.87,PayPal,Pending
856,941,2024-11-24 01:50:28.726941,262.33,PayPal,Completed
857,942,2024-03-13 08:57:03.098383,946.63,Bank Transfer,Pending
858,943,2024-10-21 15:03:00.432935,182.70999999999998,Credit Card,Completed
859,944,2024-04-19 06:41:42.754114,564.66,PayPal,Pending
860,945,2024-06-07 23:21:49.394747,606.99,Bank Transfer,Pending
861,946,2024-03-17 20:21:09.145464,407.62,Bank Transfer,Pending
862,947,2024-06-16 18:07:18.621658,540.82,Credit Card,Pending
863,948,2024-07-19 13:44:16.843321,908.94,Bank Transfer,Pending
864,949,2024-05-21 17:47:06.044642,996.83,Credit Card,Pending
865,950,2024-06-09 13:45:30.648883,98.82,PayPal,Completed
866,951,2024-11-23 18:25:20.673460,347.79,Bank Transfer,Pending
867,952,2024-04-19 16:12:45.145768,781.93,Credit Card,Pending
868,953,2024-07-17 17:39:12.094062,202.24,Credit Card,Pending
869,954,2024-03-02 22:51:56.818364,778.43,Bank Transfer,Pending
870,955,2024-01-22 13:51:06.963575,762.84,Bank Transfer,Pending
871,956,2024-06-24 21:15:30.162831,293.46,Credit Card,Pending
872,957,2024-04-10 18:57:52.888966,177.23,PayPal,Pending
873,958,2024-10-16 19:53:34.107130,494.13,Bank Transfer,Pending
874,959,2024-10-17 11:55:34.763001,116.35,Credit Card,Completed
875,960,2024-08-07 18:06:37.655334,662.3,Bank Transfer,Pending
876,961,2024-04-26 17:08:55.506396,929.91,Bank Transfer,Pending
877,962,2024-10-14 01:22:01.398497,304.85,Credit Card,Pending
878,963,2024-08-15 07:12:47.488412,876.89,PayPal,Pending
879,964,2024-03-13 19:49:02.357281,848.53,PayPal,Pending
880,965,2024-03-03 22:48:16.005463,759.54,PayPal,Pending
881,966,2024-07-13 04:05:15.905742,744.54,Credit Card,Pending
882,967,2024-09-16 18:55:26.062927,127.04,PayPal,Pending
883,968,2024-01-07 02:46:21.753734,448.96,Bank Transfer,Pending
884,969,2024-04-11 13:22:33.715831,438.55,Credit Card,Pending
885,970,2024-09-11 07:02:30.985272,721.87,PayPal,Pending
886,971,2024-10-23 07:05:10.090064,715.89,Bank Transfer,Pending
887,972,2024-10-11 08:12:05.866558,856.68,Credit Card,Pending
888,973,2024-03-08 09:31:40.511600,923.3,PayPal,Pending
889,974,2024-05-02 20:46:39.718574,931.59,Bank Transfer,Pending
890,976,2024-06-30 17:48:35.361602,418.90999999999997,PayPal,Completed
891,977,2024-09-06 16:27:12.823533,75.62,Bank Transfer,Completed
892,978,2024-11-16 15:31:21.947227,646.08,Credit Card,Pending
893,979,2024-06-11 21:10:37.044228,838.5,Bank Transfer,Pending
894,980,2024-08-22 09:52:21.002294,652.43,PayPal,Pending
895,981,2024-09-11 02:43:02.625047,558.54,Credit Card,Pending
896,982,2024-02-28 22:35:53.406584,162.45,Credit Card,Pending
897,983,2024-08-21 05:31:47.107684,681.07,PayPal,Pending
898,984,2024-03-11 02:43:17.276251,176.87,PayPal,Completed
899,985,2024-04-07 23:42:53.033250,674.52,Credit Card,Pending
900,986,2024-07-21 13:37:00.655666,296.99,Credit Card,Pending
901,987,2024-05-20 15:25:55.353860,186.88,PayPal,Completed
902,988,2024-02-01 13:48:30.303596,915.86,Credit Card,Pending
903,989,2024-08-04 18:09:52.108734,946.22,PayPal,Pending
904,990,2024-05-16 13:48:56.195697,796.74,Credit Card,Pending
905,991,2024-04-03 20:31:46.058664,699.76,Credit Card,Pending
906,992,2024-09-03 01:16:17.973567,244.36,Bank Transfer,Pending
907,994,2024-10-29 09:34:08.912865,105.54,Bank Transfer,Pending
908,995,2024-02-17 23:02:50.002985,830.42,PayPal,Pending
909,996,2024-09-21 19:21:16.641457,92.67,Bank Transfer,Completed
910,997,2024-07-19 02:35:00.072525,562.72,Credit Card,Completed
911,998,2024-08-05 20:07:54.343817,788.23,PayPal,Pending
912,999,2024-04-29 18:23:24.269981,541.47,Credit Card,Completed
913,1000,2024-08-30 07:30:40.083938,570.32,Bank Transfer,Pending
914,1001,2024-06-10 03:52:27.650029,493.61,PayPal,Completed
915,1003,2024-09-13 13:49:27.692281,465.98,Credit Card,Pending
916,1005,2024-01-01 19:37:57.872150,431.22,Bank Transfer,Completed
917,1006,2024-08-02 07:40:36.290475,385.65,Bank Transfer,Pending
918,1007,2024-02-08 00:11:17.089319,898.11,Bank Transfer,Pending
919,1008,2024-04-08 04:41:53.639345,294.09000000000003,Bank Transfer,Completed
920,1009,2024-05-12 11:55:39.432949,971.86,PayPal,Pending
921,1010,2024-10-18 00:08:01.838845,486.48,Bank Transfer,Pending
922,1012,2024-06-16 20:02:51.179651,936.95,Credit Card,Pending
923,1014,2024-10-24 06:20:35.222388,709.2199999999999,Credit Card,Completed
924,1015,2024-06-08 10:52:52.905187,693.91,Credit Card,Pending
925,1016,2024-11-04 20:17:05.613354,538.6,Bank Transfer,Pending
926,1017,2024-03-08 16:44:40.017137,639.08,Bank Transfer,Pending
927,1018,2024-11-27 15:36:30.208212,772.79,Bank Transfer,Pending
928,1019,2024-08-14 04:32:15.365695,678.1,PayPal,Pending
929,1020,2024-06-26 00:39:05.882264,715.09,Credit Card,Pending
930,1021,2024-09-07 22:10:23.731183,478.61,Bank Transfer,Pending
931,1022,2024-09-23 02:56:26.270203,485.13,Bank Transfer,Pending
932,1023,2024-10-20 05:45:49.355588,656.38,Bank Transfer,Pending
933,1024,2024-10-29 08:46:29.650921,304.37,Credit Card,Pending
934,1025,2024-10-07 03:13:16.986722,124.66,PayPal,Pending
935,1026,2024-05-03 18:29:12.652564,961.75,Credit Card,Pending
936,1027,2024-06-04 16:44:29.805310,766.3900000000001,PayPal,Completed
937,1028,2024-11-21 20:34:51.656693,745.24,PayPal,Pending
938,1029,2024-05-25 14:25:29.441780,976.36,Bank Transfer,Pending
939,1030,2024-11-23 10:10:47.752322,540.73,Credit Card,Pending
940,1031,2024-05-18 07:08:37.217637,625.35,Bank Transfer,Pending
941,1032,2024-04-16 09:48:14.032355,294.18,Bank Transfer,Pending
942,1033,2024-07-21 19:24:07.694712,573.16,PayPal,Pending
943,1034,2024-03-24 11:54:30.620698,613.85,Bank Transfer,Pending
944,1035,2024-09-20 05:28:50.608835,735.01,PayPal,Pending
945,1036,2024-07-21 21:32:49.316542,222.94,Bank Transfer,Completed
946,1037,2024-06-28 09:14:07.631784,914.08,PayPal,Pending
947,1038,2024-03-04 19:59:53.241036,518.89,Credit Card,Pending
948,1040,2024-05-27 14:15:20.295659,351.21,PayPal,Completed
949,1041,2024-11-18 14:57:41.464624,783.95,Credit Card,Pending
950,1042,2024-02-29 20:49:01.467252,467.92999999999995,Credit Card,Completed
951,1043,2024-07-15 20:25:09.733045,562.14,Credit Card,Pending
952,1044,2024-11-06 21:15:42.780092,386.97,Bank Transfer,Pending
953,1045,2024-11-21 13:17:03.057731,992.44,PayPal,Pending
954,1046,2024-09-28 10:51:58.111424,741.87,PayPal,Pending
955,1047,2024-05-15 19:29:27.284811,579.32,PayPal,Completed
956,1048,2024-11-14 22:47:24.224883,914.74,Bank Transfer,Pending
957,1049,2024-08-14 07:25:57.789919,378.76,PayPal,Pending
958,1050,2024-06-14 11:00:09.988152,870.45,Bank Transfer,Pending
959,1051,2024-10-04 19:47:49.936651,768.22,Bank Transfer,Pending
960,1052,2024-05-03 10:14:07.900553,357.40999999999997,Credit Card,Completed
961,1053,2024-05-07 14:11:24.566912,409.41,Bank Transfer,Completed
962,1054,2024-09-23 05:42:44.065172,550.79,PayPal,Pending
963,1055,2024-03-05 06:34:56.214592,599.17,Bank Transfer,Pending
964,1056,2024-06-02 05:46:24.679213,305.07,Bank Transfer,Pending
965,1057,2024-08-26 00:02:33.217518,398.62,Credit Card,Pending
966,1058,2024-07-01 11:32:46.189964,992.78,Bank Transfer,Pending
967,1059,2024-04-14 11:01:51.560997,246.06,PayPal,Pending
968,1060,2024-02-07 13:03:18.522889,592.05,Credit Card,Pending
969,1061,2024-02-18 04:20:01.004586,431.83,PayPal,Pending
970,1062,2024-07-27 22:25:44.712985,680.61,PayPal,Pending
971,1063,2024-07-13 23:57:30.231045,475.36,Bank Transfer,Completed
972,1064,2024-10-20 14:25:39.213010,939.37,Credit Card,Pending
973,1065,2024-02-08 19:32:29.503590,783.32,Credit Card,Pending
974,1066,2024-11-12 09:05:38.584882,748.25,Bank Transfer,Pending
975,1067,2024-04-18 05:05:23.201840,939.61,Credit Card,Pending
976,1068,2024-10-14 08:47:01.973465,375.61,Credit Card,Pending
977,1069,2024-02-10 11:54:32.030358,105.29,Bank Transfer,Pending
978,1070,2024-05-09 05:41:57.911448,315.6,Bank Transfer,Pending
979,1071,2024-10-24 19:49:51.326735,515.76,Credit Card,Pending
980,1073,2024-07-27 22:49:39.725008,809.26,Credit Card,Pending
981,1074,2024-03-28 20:14:21.549419,669.12,PayPal,Pending
982,1075,2024-07-19 17:20:20.287085,766.6999999999999,Bank Transfer,Completed
983,1076,2024-04-23 00:14:47.401069,538.64,PayPal,Completed
984,1077,2024-11-16 23:20:18.761798,488.17,Credit Card,Pending
985,1078,2024-01-30 00:57:34.453333,212.86,PayPal,Pending
986,1080,2024-01-04 00:55:11.969330,620.02,PayPal,Pending
987,1081,2024-10-18 07:51:21.753484,338.05,PayPal,Pending
988,1082,2024-06-20 02:38:39.960067,684.22,Bank Transfer,Completed
989,1083,2024-10-17 14:57:37.689461,135.92,Bank Transfer,Pending
990,1084,2024-05-29 12:32:07.772819,436.29,Bank Transfer,Pending
991,1085,2024-03-04 05:09:37.879766,860.57,Credit Card,Pending
992,1086,2024-10-06 18:40:58.793592,891.81,Credit Card,Pending
993,1087,2024-01-16 11:50:54.249235,583.1,Credit Card,Pending
994,1088,2024-11-13 21:19:06.242490,450.43,PayPal,Pending
995,1089,2024-03-09 11:51:20.218142,619.31,PayPal,Pending
996,1090,2024-11-11 07:08:17.236046,719.45,Bank Transfer,Pending
997,1092,2024-03-05 01:48:19.196033,775.79,PayPal,Pending
998,1093,2024-10-01 00:58:18.073106,480.75,Credit Card,Pending
999,1095,2024-05-21 23:19:55.189626,416.36,PayPal,Pending
1000,1096,2024-08-30 02:36:07.248085,115.28,Credit Card,Pending
1001,1097,2024-05-13 01:00:30.774257,517.12,Bank Transfer,Pending
1002,1098,2024-03-08 23:17:20.119931,303.48,PayPal,Pending
1003,1099,2024-08-24 13:44:47.730438,516.26,PayPal,Pending
1004,1100,2024-10-20 06:53:53.262128,553.93,Credit Card,Pending
1005,1101,2024-04-16 20:10:43.183622,550.41,PayPal,Pending
1006,1102,2024-10-16 10:11:14.032187,508.76,Credit Card,Pending
1007,1103,2024-08-02 23:27:54.634752,845.64,PayPal,Pending
1008,1104,2024-07-26 14:11:19.141690,836.09,Bank Transfer,Pending
1009,1106,2024-11-12 14:31:04.413706,935.99,Credit Card,Pending
1010,1107,2024-01-01 01:14:18.060726,172.34,PayPal,Completed
1011,1108,2024-09-14 21:14:42.519618,548.79,PayPal,Pending
1012,1109,2024-08-11 07:16:02.423474,677.5,Bank Transfer,Pending
1013,1110,2024-02-29 21:26:27.402771,138.53,PayPal,Pending
1014,1111,2024-02-24 04:39:45.003948,771.42,PayPal,Pending
1015,1112,2024-11-25 04:41:53.149127,740.6399999999999,PayPal,Completed
1016,1114,2024-03-30 01:52:52.880002,179.79,Bank Transfer,Completed
1017,1115,2024-09-14 12:52:11.359888,350.35,Credit Card,Completed
1018,1116,2024-07-15 02:03:38.379350,435.06,Bank Transfer,Pending
1019,1117,2024-04-20 08:38:00.842629,841.63,PayPal,Pending
1020,1120,2024-02-03 03:23:30.399949,364.48,Credit Card,Pending
1021,1121,2024-04-01 21:32:27.373993,938.61,PayPal,Pending
1022,1122,2024-02-26 08:08:46.587843,651.95,Bank Transfer,Pending
1023,1124,2024-11-18 05:44:58.212317,223.51999999999998,PayPal,Completed
1024,1125,2024-08-02 18:52:42.497549,164.2,PayPal,Pending
1025,1126,2024-10-15 05:57:17.105824,336.44,Bank Transfer,Pending
1026,1127,2024-11-28 06:35:45.539145,219.11,Credit Card,Completed
1027,1128,2024-01-14 08:24:00.261987,955.14,Bank Transfer,Pending
1028,1129,2024-04-20 04:49:06.392146,810.09,PayPal,Pending
1029,1130,2024-10-30 09:00:46.455024,822.03,PayPal,Pending
1030,1131,2024-02-12 14:48:01.112119,883.93,Credit Card,Pending
1031,1132,2024-03-10 23:25:15.222702,667.48,Bank Transfer,Pending
1032,1133,2024-08-26 16:36:53.670806,109.95,Credit Card,Pending
1033,1134,2024-08-09 20:01:25.639896,660.11,Credit Card,Pending
1034,1136,2024-07-31 20:14:12.981107,694.09,PayPal,Pending
1035,1137,2024-09-13 20:33:01.468315,295.93,PayPal,Completed
1036,1138,2024-08-10 22:12:02.864213,673.23,Bank Transfer,Pending
1037,1139,2024-06-30 09:51:01.913888,310.09,Bank Transfer,Pending
1038,1140,2024-08-17 17:50:34.708607,863.27,PayPal,Pending
1039,1141,2024-03-24 20:06:05.661081,872.48,PayPal,Pending
1040,1143,2024-04-27 23:02:16.514604,406.96,PayPal,Completed
1041,1144,2024-11-19 01:51:29.526656,678.0,Bank Transfer,Pending
1042,1145,2024-04-15 06:22:22.022180,192.49,PayPal,Completed
1043,1146,2024-06-06 03:56:45.081639,561.44,PayPal,Pending
1044,1147,2024-07-05 07:22:30.520444,124.56,PayPal,Pending
1045,1148,2024-07-23 07:01:48.708976,508.28,Credit Card,Pending
1046,1149,2024-10-08 08:41:46.605814,568.65,Bank Transfer,Pending
1047,1150,2024-06-20 13:43:14.398612,568.2,Bank Transfer,Pending
1048,1151,2024-02-29 00:37:19.483829,627.56,PayPal,Pending
1049,1152,2024-03-21 04:12:14.776467,406.05,Credit Card,Pending
1050,1153,2024-08-31 23:51:47.763439,165.07,Credit Card,Completed
1051,1154,2024-08-07 22:47:15.645845,271.79,Credit Card,Completed
1052,1155,2024-06-11 23:54:12.277785,479.48,Bank Transfer,Pending
1053,1156,2024-07-11 00:56:10.801275,580.22,PayPal,Completed
1054,1157,2024-09-30 16:00:07.815743,249.73,PayPal,Pending
1055,1158,2024-04-17 02:30:26.774598,633.38,Credit Card,Pending
1056,1159,2024-11-30 10:20:03.048028,108.94,Credit Card,Pending
1057,1160,2024-06-30 00:53:00.514920,526.33,Bank Transfer,Pending
1058,1161,2024-07-26 20:58:46.859399,381.69,Bank Transfer,Pending
1059,1162,2024-01-15 15:47:55.605104,751.96,PayPal,Pending
1060,1163,2024-04-15 18:02:00.265321,800.62,Credit Card,Pending
1061,1164,2024-03-28 20:16:13.000087,204.37,Credit Card,Pending
1062,1165,2024-09-05 12:38:55.393996,241.42,PayPal,Pending
1063,1166,2024-01-04 16:18:43.089476,321.44,Bank Transfer,Completed
1064,1167,2024-09-30 10:52:27.179209,740.21,Bank Transfer,Pending
1065,1168,2024-07-19 02:39:16.565384,432.81,PayPal,Pending
1066,1169,2024-01-15 17:56:56.124721,733.16,Credit Card,Pending
1067,1170,2024-02-12 16:19:48.211579,128.71,PayPal,Completed
1068,1171,2024-05-14 11:17:30.617500,187.32,Credit Card,Pending
1069,1173,2024-08-26 09:52:09.074359,191.44,Credit Card,Completed
1070,1175,2024-05-04 13:54:21.052248,791.01,Credit Card,Pending
1071,1176,2024-02-20 01:58:15.227981,340.98,Bank Transfer,Completed
1072,1177,2024-04-02 06:15:58.100410,234.06,PayPal,Completed
1073,1178,2024-07-01 10:52:08.699044,571.51,PayPal,Completed
1074,1179,2024-07-20 15:23:04.772405,598.79,Bank Transfer,Pending
1075,1180,2024-07-01 09:35:20.448085,94.98,Bank Transfer,Completed
1076,1181,2024-09-07 00:05:23.472187,706.33,Bank Transfer,Pending
1077,1182,2024-11-12 14:13:18.235568,950.69,Credit Card,Pending
1078,1183,2024-11-29 13:03:02.510671,680.57,Bank Transfer,Pending
1079,1184,2024-08-27 05:46:43.857725,389.13,Bank Transfer,Completed
1080,1185,2024-05-25 16:41:14.331360,440.24,Credit Card,Pending
1081,1186,2024-11-11 08:21:22.689645,397.3,Bank Transfer,Pending
1082,1187,2024-07-22 17:24:44.293128,132.23,Credit Card,Pending
1083,1189,2024-04-16 23:26:00.412709,681.38,Bank Transfer,Pending
1084,1190,2024-01-30 03:11:34.482608,431.76,Credit Card,Pending
1085,1191,2024-08-26 07:45:44.999004,628.96,Bank Transfer,Pending
1086,1192,2024-06-30 06:47:11.837089,563.35,PayPal,Pending
1087,1193,2024-01-23 15:37:54.996286,137.15,PayPal,Pending
1088,1195,2024-06-30 18:12:15.710422,951.54,Bank Transfer,Pending
1089,1196,2024-08-20 21:48:40.158917,229.64,Credit Card,Completed
1090,1197,2024-01-03 19:40:04.479252,780.19,Bank Transfer,Pending
1091,1198,2024-01-25 00:46:34.216762,768.58,Credit Card,Pending
1092,1199,2024-01-09 22:31:40.161239,576.7,Bank Transfer,Completed
1093,1200,2024-11-11 20:16:08.282028,577.21,PayPal,Completed
